ID,Symbol,Time,Price,Volume
1,YHOO,17:36:32.915747,48.4201,3777685
2,INTC,17:36:32.915747,36.995,4870516
3,FB,17:36:32.915747,147.29,6104138
4,AAPL,17:36:32.915747,143.7,6877803
5,IBM,17:36:32.915747,160.1,181972
6,MSFT,17:36:32.915747,67.955,7485818
7,TWTR,17:36:32.915747,16.285,6555743
8,HPQ,17:36:32.915747,18.755,3388119
9,GOOGL,17:36:32.915747,888.9551,805557
10,AMZN,17:36:32.915747,920.6,67782
11,YHOO,17:37:34.636910,48.2,5568096
12,INTC,17:37:34.636910,37.1,9555076
13,FB,17:37:34.636910,146.56,10311
14,AAPL,17:37:34.636910,143.7,6877803
15,IBM,17:37:34.636910,160.21,1711691
16,MSFT,17:37:34.636910,67.83,26190770
17,TWTR,17:37:34.636910,16.4416,11161318
18,HPQ,17:37:34.636910,18.755,3388119
19,GOOGL,17:37:34.636910,889.78,686440
20,AMZN,17:37:34.636910,920.1925,61945
21,YHOO,17:38:36.275578,48.36,4566003
22,INTC,17:38:36.275578,37.1,9555076
23,FB,17:38:36.275578,146.56,10311
24,AAPL,17:38:36.275578,143.7,6877803
25,IBM,17:38:36.275578,160.21,1711691
26,MSFT,17:38:36.275578,67.665,5234474
27,TWTR,17:38:36.275578,16.4416,11161318
28,HPQ,17:38:36.275578,18.63,15
29,GOOGL,17:38:36.275578,890.275,375289
30,AMZN,17:38:36.275578,919.1,1429858
31,YHOO,17:39:38.056810,48.25,5215728
32,INTC,17:39:38.056810,37.1,9555076
33,FB,17:39:38.056810,147.29,6104138
34,AAPL,17:39:38.056810,143.7,6877803
35,IBM,17:39:38.056810,160.1,1889709
36,MSFT,17:39:38.056810,67.86,4625382
37,TWTR,17:39:38.056810,16.285,6555743
38,HPQ,17:39:38.056810,18.64,3869441
39,GOOGL,17:39:38.056810,889.73,557002
40,AMZN,17:39:38.056810,919.3,1440069
41,YHOO,17:40:39.855541,48.36,4566003
42,INTC,17:40:39.855541,37.105,12503808
43,FB,17:40:39.855541,147.0255,4437023
44,AAPL,17:40:39.855541,143.7,6877803
45,IBM,17:40:39.855541,160.1,1890519
46,MSFT,17:40:39.855541,67.665,5234474
47,TWTR,17:40:39.855541,16.02,69409232
48,HPQ,17:40:39.855541,18.755,3388119
49,GOOGL,17:40:39.855541,889.73,557002
50,AMZN,17:40:39.855541,919.3,1440069
51,YHOO,17:41:41.706155,48.4201,3777685
52,INTC,17:41:41.706155,36.995,4870516
53,FB,17:41:41.706155,147.0255,4437023
54,AAPL,17:41:41.706155,143.55,4997818
55,IBM,17:41:41.706155,160.11,2505462
56,MSFT,17:41:41.706155,67.86,4625382
57,TWTR,17:41:41.706155,16.5659,27370010
58,HPQ,17:41:41.706155,18.755,3388119
59,GOOGL,17:41:41.706155,888.9551,805557
60,AMZN,17:41:41.706155,919.3,1440069
61,YHOO,17:42:43.474013,48.27,5012118
62,INTC,17:42:43.474013,37.1,9555076
63,FB,17:42:43.474013,146.56,10311
64,AAPL,17:42:43.474013,143.7,6877803
65,IBM,17:42:43.474013,159.94,1467206
66,MSFT,17:42:43.474013,67.86,4625382
67,TWTR,17:42:43.474013,16.5659,27370010
68,HPQ,17:42:43.474013,18.68,4018767
69,GOOGL,17:42:43.474013,887.1382,808775
70,AMZN,17:42:43.474013,919.3,1440069
71,YHOO,17:43:45.215499,48.25,5215728
72,INTC,17:43:45.215499,37.1,9555076
73,FB,17:43:45.215499,147.34,6444165
74,AAPL,17:43:45.215499,143.48,4945691
75,IBM,17:43:45.215499,159.92,1500000
76,MSFT,17:43:45.215499,67.86,4625382
77,TWTR,17:43:45.215499,16.49,25847151
78,HPQ,17:43:45.215499,18.74,468998
79,GOOGL,17:43:45.215499,889.78,686440
80,AMZN,17:43:45.215499,920.1925,61945
81,YHOO,17:44:46.936993,48.25,5215728
82,INTC,17:44:46.936993,36.995,4870516
83,FB,17:44:46.936993,147.0255,4437023
84,AAPL,17:44:46.936993,143.77,7035709
85,IBM,17:44:46.936993,159.94,1467206
86,MSFT,17:44:46.936993,67.775,737308
87,TWTR,17:44:46.936993,16.49,25847151
88,HPQ,17:44:46.936993,18.63,15
89,GOOGL,17:44:46.936993,888.9551,805557
90,AMZN,17:44:46.936993,920.1925,61945
91,YHOO,17:45:48.590709,48.4201,3777685
92,INTC,17:45:48.590709,37.105,11201781
93,FB,17:45:48.590709,147.34,6444165
94,AAPL,17:45:48.590709,143.48,4945691
95,IBM,17:45:48.590709,159.92,1500000
96,MSFT,17:45:48.590709,67.665,5234474
97,TWTR,17:45:48.590709,16.335,16765632
98,HPQ,17:45:48.590709,18.755,3388119
99,GOOGL,17:45:48.590709,889.78,686440
100,AMZN,17:45:48.590709,920.1925,61945
101,YHOO,17:46:50.317054,48.2,5568096
102,INTC,17:46:50.317054,37.105,11201781
103,FB,17:46:50.317054,147.29,6104138
104,AAPL,17:46:50.317054,143.7,6877803
105,IBM,17:46:50.317054,160.21,1711691
106,MSFT,17:46:50.317054,67.955,7485818
107,TWTR,17:46:50.317054,16.49,25847151
108,HPQ,17:46:50.317054,18.63,15
109,GOOGL,17:46:50.317054,889.78,686440
110,AMZN,17:46:50.317054,920.6,67782
111,YHOO,17:47:51.895024,48.4201,3777685
112,INTC,17:47:51.895024,37.1,9555076
113,FB,17:47:51.895024,147.0255,4437023
114,AAPL,17:47:51.895024,143.55,4997818
115,IBM,17:47:51.895024,159.94,1467206
116,MSFT,17:47:51.895024,67.775,737308
117,TWTR,17:47:51.895024,16.335,16765632
118,HPQ,17:47:51.895024,18.74,468998
119,GOOGL,17:47:51.895024,890.275,375289
120,AMZN,17:47:51.895024,919.3,1440069
121,YHOO,17:48:53.595017,48.25,5215728
122,INTC,17:48:53.595017,37.09,13675673
123,FB,17:48:53.595017,147.0255,4437023
124,AAPL,17:48:53.595017,143.48,4945691
125,IBM,17:48:53.595017,160.1,1889709
126,MSFT,17:48:53.595017,67.86,4625382
127,TWTR,17:48:53.595017,16.555,28103988
128,HPQ,17:48:53.595017,18.63,15
129,GOOGL,17:48:53.595017,890.275,375289
130,AMZN,17:48:53.595017,920.6,67782
131,YHOO,17:49:55.457717,48.36,4566003
132,INTC,17:49:55.457717,37.105,11201781
133,FB,17:49:55.457717,147.0255,4437023
134,AAPL,17:49:55.457717,143.55,4997818
135,IBM,17:49:55.457717,159.94,1467206
136,MSFT,17:49:55.457717,67.775,737308
137,TWTR,17:49:55.457717,16.555,28103988
138,HPQ,17:49:55.457717,18.805,2021683
139,GOOGL,17:49:55.457717,890.275,375289
140,AMZN,17:49:55.457717,920.6,67782
141,YHOO,17:50:57.061119,48.36,4566003
142,INTC,17:50:57.061119,37.09,13675673
143,FB,17:50:57.061119,147.34,6444165
144,AAPL,17:50:57.061119,143.77,7035709
145,IBM,17:50:57.061119,159.92,1500000
146,MSFT,17:50:57.061119,67.775,737308
147,TWTR,17:50:57.061119,16.335,16765632
148,HPQ,17:50:57.061119,18.755,3388119
149,GOOGL,17:50:57.061119,888.9551,805557
150,AMZN,17:50:57.061119,919.1,1429858
151,YHOO,17:51:58.838747,48.2,5568096
152,INTC,17:51:58.838747,36.995,4870516
153,FB,17:51:58.838747,147.34,6444165
154,AAPL,17:51:58.838747,143.77,7035709
155,IBM,17:51:58.838747,160.21,1711691
156,MSFT,17:51:58.838747,67.86,4625382
157,TWTR,17:51:58.838747,16.4416,11161318
158,HPQ,17:51:58.838747,18.74,468998
159,GOOGL,17:51:58.838747,889.78,686440
160,AMZN,17:51:58.838747,919.1,1429858
161,YHOO,17:53:00.455599,48.2,5568096
162,INTC,17:53:00.455599,37.09,13675673
163,FB,17:53:00.455599,147.0255,4437023
164,AAPL,17:53:00.455599,143.48,5576784
165,IBM,17:53:00.455599,159.94,1467206
166,MSFT,17:53:00.455599,67.955,7485818
167,TWTR,17:53:00.455599,16.49,25847151
168,HPQ,17:53:00.455599,18.805,2021683
169,GOOGL,17:53:00.455599,889.73,557002
170,AMZN,17:53:00.455599,920.1925,61945
171,YHOO,17:54:02.430878,48.2,5568096
172,INTC,17:54:02.430878,37.105,11201781
173,FB,17:54:02.430878,146.56,10311
174,AAPL,17:54:02.430878,143.55,4997818
175,IBM,17:54:02.430878,159.92,1500000
176,MSFT,17:54:02.430878,67.775,737308
177,TWTR,17:54:02.430878,16.4416,11161318
178,HPQ,17:54:02.430878,18.805,2021683
179,GOOGL,17:54:02.430878,889.73,557002
180,AMZN,17:54:02.430878,920.6,67782
181,YHOO,17:55:04.199262,48.4201,3777685
182,INTC,17:55:04.199262,36.995,4870516
183,FB,17:55:04.199262,147.29,6104138
184,AAPL,17:55:04.199262,143.55,4997818
185,IBM,17:55:04.199262,159.92,1500000
186,MSFT,17:55:04.199262,67.83,26190770
187,TWTR,17:55:04.199262,16.335,16765632
188,HPQ,17:55:04.199262,18.63,15
189,GOOGL,17:55:04.199262,890.275,375289
190,AMZN,17:55:04.199262,920.1925,61945
191,YHOO,17:56:06.755515,48.25,5215728
192,INTC,17:56:06.755515,37.105,11201781
193,FB,17:56:06.755515,147.119,5739555
194,AAPL,17:56:06.755515,143.77,7035709
195,IBM,17:56:06.755515,160.1,1889709
196,MSFT,17:56:06.755515,67.955,7485818
197,TWTR,17:56:06.755515,16.335,16765632
198,HPQ,17:56:06.755515,18.755,3388119
199,GOOGL,17:56:06.755515,889.73,557002
200,AMZN,17:56:06.755515,919.3,1440069
201,YHOO,17:57:08.572494,48.36,4566003
202,INTC,17:57:08.572494,37.09,13675673
203,FB,17:57:08.572494,147.29,6104138
204,AAPL,17:57:08.572494,143.7,6877803
205,IBM,17:57:08.572494,160.21,1711691
206,MSFT,17:57:08.572494,67.775,737308
207,TWTR,17:57:08.572494,16.4416,11161318
208,HPQ,17:57:08.572494,18.63,15
209,GOOGL,17:57:08.572494,890.275,375289
210,AMZN,17:57:08.572494,919.1,1429858
211,YHOO,17:58:10.453893,48.25,5215728
212,INTC,17:58:10.453893,36.995,4870516
213,FB,17:58:10.453893,147.34,6444165
214,AAPL,17:58:10.453893,143.77,7035709
215,IBM,17:58:10.453893,160.1,1889709
216,MSFT,17:58:10.453893,67.775,737308
217,TWTR,17:58:10.453893,16.49,25847151
218,HPQ,17:58:10.453893,18.755,3388119
219,GOOGL,17:58:10.453893,888.9551,805557
220,AMZN,17:58:10.453893,919.1,1429858
221,YHOO,17:59:12.168438,48.2,5568096
222,INTC,17:59:12.168438,37.1,9555076
223,FB,17:59:12.168438,147.26,163107
224,AAPL,17:59:12.168438,143.77,7035709
225,IBM,17:59:12.168438,159.94,1467206
226,MSFT,17:59:12.168438,67.86,4625382
227,TWTR,17:59:12.168438,16.49,25847151
228,HPQ,17:59:12.168438,18.78,4602102
229,GOOGL,17:59:12.168438,890.275,375289
230,AMZN,17:59:12.168438,919.3,1440069
231,YHOO,18:00:13.725857,48.25,5215728
232,INTC,18:00:13.725857,37.1,9555076
233,FB,18:00:13.725857,147.0255,4437023
234,AAPL,18:00:13.725857,143.48,4945691
235,IBM,18:00:13.725857,159.94,1467206
236,MSFT,18:00:13.725857,67.665,5234474
237,TWTR,18:00:13.725857,16.555,28103988
238,HPQ,18:00:13.725857,18.78,4602102
239,GOOGL,18:00:13.725857,889.73,557002
240,AMZN,18:00:13.725857,920.6,67782
241,YHOO,18:01:15.503268,48.36,4566003
242,INTC,18:01:15.503268,36.995,4870516
243,FB,18:01:15.503268,147.0255,4437023
244,AAPL,18:01:15.503268,143.77,7035709
245,IBM,18:01:15.503268,160.21,1711691
246,MSFT,18:01:15.503268,67.86,4625382
247,TWTR,18:01:15.503268,16.49,25847151
248,HPQ,18:01:15.503268,18.805,2021683
249,GOOGL,18:01:15.503268,889.78,686440
250,AMZN,18:01:15.503268,919.3,1440069
251,YHOO,18:02:17.157649,48.2,5568096
252,INTC,18:02:17.157649,37.105,11201781
253,FB,18:02:17.157649,147.0255,4437023
254,AAPL,18:02:17.157649,143.7,6877803
255,IBM,18:02:17.157649,159.94,1467206
256,MSFT,18:02:17.157649,67.86,4625382
257,TWTR,18:02:17.157649,16.49,25847151
258,HPQ,18:02:17.157649,18.74,468998
259,GOOGL,18:02:17.157649,889.78,686440
260,AMZN,18:02:17.157649,919.3,1440069
261,YHOO,18:03:18.717134,48.2,5568096
262,INTC,18:03:18.717134,37.105,11201781
263,FB,18:03:18.717134,147.34,6444165
264,AAPL,18:03:18.717134,143.77,7035709
265,IBM,18:03:18.717134,159.94,1467206
266,MSFT,18:03:18.717134,67.775,737308
267,TWTR,18:03:18.717134,16.555,28103988
268,HPQ,18:03:18.717134,18.755,3388119
269,GOOGL,18:03:18.717134,889.73,557002
270,AMZN,18:03:18.717134,919.3,1440069
271,YHOO,18:04:20.662878,48.4201,3777685
272,INTC,18:04:20.662878,37.1,9555076
273,FB,18:04:20.662878,147.29,6104138
274,AAPL,18:04:20.662878,143.77,7035709
275,IBM,18:04:20.662878,160.21,1711691
276,MSFT,18:04:20.662878,67.86,4625382
277,TWTR,18:04:20.662878,16.335,16765632
278,HPQ,18:04:20.662878,18.74,468998
279,GOOGL,18:04:20.662878,888.9551,805557
280,AMZN,18:04:20.662878,920.1925,61945
281,YHOO,18:05:22.195494,48.26,4053137
282,INTC,18:05:22.195494,37.09,13675673
283,FB,18:05:22.195494,147.34,6444165
284,AAPL,18:05:22.195494,143.77,7035709
285,IBM,18:05:22.195494,160.21,1711691
286,MSFT,18:05:22.195494,67.775,737308
287,TWTR,18:05:22.195494,15.82,79309104
288,HPQ,18:05:22.195494,18.755,3388119
289,GOOGL,18:05:22.195494,889.14,1323297
290,AMZN,18:05:22.195494,909.29,2608948
291,YHOO,18:06:23.892276,48.2,5568096
292,INTC,18:06:23.892276,37.09,13675673
293,FB,18:06:23.892276,147.29,6104138
294,AAPL,18:06:23.892276,143.77,7035709
295,IBM,18:06:23.892276,159.92,1500000
296,MSFT,18:06:23.892276,67.955,7485818
297,TWTR,18:06:23.892276,16.5,28705079
298,HPQ,18:06:23.892276,18.805,2021683
299,GOOGL,18:06:23.892276,889.73,557002
300,AMZN,18:06:23.892276,919.1,1429858
301,YHOO,18:07:25.559750,48.36,4566003
302,INTC,18:07:25.559750,37.105,11201781
303,FB,18:07:25.559750,147.0255,4437023
304,AAPL,18:07:25.559750,143.55,4997818
305,IBM,18:07:25.559750,159.92,1500000
306,MSFT,18:07:25.559750,67.775,737308
307,TWTR,18:07:25.559750,16.5,28705079
308,HPQ,18:07:25.559750,18.805,2021683
309,GOOGL,18:07:25.559750,888.9551,805557
310,AMZN,18:07:25.559750,920.1925,61945
311,YHOO,18:08:27.177824,48.25,5215728
312,INTC,18:08:27.177824,37.105,11201781
313,FB,18:08:27.177824,147.0255,4437023
314,AAPL,18:08:27.177824,143.55,4997818
315,IBM,18:08:27.177824,160.1,1889709
316,MSFT,18:08:27.177824,67.86,4625382
317,TWTR,18:08:27.177824,16.555,28103988
318,HPQ,18:08:27.177824,18.74,468998
319,GOOGL,18:08:27.177824,889.73,557002
320,AMZN,18:08:27.177824,909.29,2608948
321,YHOO,18:09:28.826860,48.4201,3777685
322,INTC,18:09:28.826860,37.1,9555076
323,FB,18:09:28.826860,147.29,6104138
324,AAPL,18:09:28.826860,143.77,7035709
325,IBM,18:09:28.826860,159.92,1500000
326,MSFT,18:09:28.826860,67.775,737308
327,TWTR,18:09:28.826860,16.49,25847151
328,HPQ,18:09:28.826860,18.755,3388119
329,GOOGL,18:09:28.826860,890.275,375289
330,AMZN,18:09:28.826860,919.1,1429858
331,YHOO,18:10:30.499266,48.25,5215728
332,INTC,18:10:30.499266,37.09,13675673
333,FB,18:10:30.499266,147.34,6444165
334,AAPL,18:10:30.499266,143.48,4945691
335,IBM,18:10:30.499266,159.92,1500000
336,MSFT,18:10:30.499266,67.86,4625382
337,TWTR,18:10:30.499266,16.335,16765632
338,HPQ,18:10:30.499266,18.805,2021683
339,GOOGL,18:10:30.499266,889.78,686440
340,AMZN,18:10:30.499266,920.6,67782
341,YHOO,18:11:32.304898,48.36,4566003
342,INTC,18:11:32.304898,36.995,4870516
343,FB,18:11:32.304898,147.0255,4437023
344,AAPL,18:11:32.304898,143.48,4945691
345,IBM,18:11:32.304898,160.21,1711691
346,MSFT,18:11:32.304898,67.955,7485818
347,TWTR,18:11:32.304898,16.335,16765632
348,HPQ,18:11:32.304898,18.74,468998
349,GOOGL,18:11:32.304898,888.9551,805557
350,AMZN,18:11:32.304898,919.3,1440069
351,YHOO,18:12:33.971595,48.2,5568096
352,INTC,18:12:33.971595,37.1,9555076
353,FB,18:12:33.971595,147.26,163107
354,AAPL,18:12:33.971595,143.7,6877803
355,IBM,18:12:33.971595,160.1,1889709
356,MSFT,18:12:33.971595,67.955,7485818
357,TWTR,18:12:33.971595,16.555,28103988
358,HPQ,18:12:33.971595,18.755,3388119
359,GOOGL,18:12:33.971595,888.9551,805557
360,AMZN,18:12:33.971595,920.6,67782
361,YHOO,18:13:35.648971,48.36,4566003
362,INTC,18:13:35.648971,37.09,13675673
363,FB,18:13:35.648971,147.29,6104138
364,AAPL,18:13:35.648971,143.68,20041241
365,IBM,18:13:35.648971,160.1,1889709
366,MSFT,18:13:35.648971,67.86,4625382
367,TWTR,18:13:35.648971,16.49,25847151
368,HPQ,18:13:35.648971,18.755,3388119
369,GOOGL,18:13:35.648971,890.275,375289
370,AMZN,18:13:35.648971,919.1,1429858
371,YHOO,18:14:37.222917,48.36,4566003
372,INTC,18:14:37.222917,36.995,4870516
373,FB,18:14:37.222917,147.0255,4437023
374,AAPL,18:14:37.222917,143.55,4997818
375,IBM,18:14:37.222917,159.94,1467206
376,MSFT,18:14:37.222917,67.775,737308
377,TWTR,18:14:37.222917,16.49,25847151
378,HPQ,18:14:37.222917,18.805,2021683
379,GOOGL,18:14:37.222917,889.78,686440
380,AMZN,18:14:37.222917,920.6,67782
381,YHOO,18:15:38.803563,48.26,4053137
382,INTC,18:15:38.803563,37.09,13675673
383,FB,18:15:38.803563,147.0255,4437023
384,AAPL,18:15:38.803563,143.77,7035709
385,IBM,18:15:38.803563,159.92,1500000
386,MSFT,18:15:38.803563,67.83,26190770
387,TWTR,18:15:38.803563,16.335,16765632
388,HPQ,18:15:38.803563,18.74,468998
389,GOOGL,18:15:38.803563,888.9551,805557
390,AMZN,18:15:38.803563,920.1925,61945
391,YHOO,18:16:40.474355,48.25,5215728
392,INTC,18:16:40.474355,37.105,11201781
393,FB,18:16:40.474355,147.29,6104138
394,AAPL,18:16:40.474355,143.48,4945691
395,IBM,18:16:40.474355,159.94,1467206
396,MSFT,18:16:40.474355,67.86,4625382
397,TWTR,18:16:40.474355,16.49,25847151
398,HPQ,18:16:40.474355,18.78,4602102
399,GOOGL,18:16:40.474355,890.275,375289
400,AMZN,18:16:40.474355,919.3,1440069
401,YHOO,18:17:42.241416,48.25,5215728
402,INTC,18:17:42.241416,36.995,4870516
403,FB,18:17:42.241416,147.0255,4437023
404,AAPL,18:17:42.241416,143.55,4997818
405,IBM,18:17:42.241416,159.92,1500000
406,MSFT,18:17:42.241416,67.665,5234474
407,TWTR,18:17:42.241416,16.49,25847151
408,HPQ,18:17:42.241416,18.805,2021683
409,GOOGL,18:17:42.241416,889.14,1323297
410,AMZN,18:17:42.241416,920.1925,61945
411,YHOO,18:18:43.846784,48.4201,3777685
412,INTC,18:18:43.846784,37.105,11201781
413,FB,18:18:43.846784,147.34,6444165
414,AAPL,18:18:43.846784,143.7,6877803
415,IBM,18:18:43.846784,160.1,1889709
416,MSFT,18:18:43.846784,67.775,737308
417,TWTR,18:18:43.846784,16.49,25847151
418,HPQ,18:18:43.846784,18.805,2021683
419,GOOGL,18:18:43.846784,888.9551,805557
420,AMZN,18:18:43.846784,919.3,1440069
421,YHOO,18:19:45.666667,48.4201,3777685
422,INTC,18:19:45.666667,37.1,9555076
423,FB,18:19:45.666667,147.0255,4437023
424,AAPL,18:19:45.666667,143.7,6877803
425,IBM,18:19:45.666667,159.92,1500000
426,MSFT,18:19:45.666667,67.665,5234474
427,TWTR,18:19:45.666667,16.335,16765632
428,HPQ,18:19:45.666667,18.78,4602102
429,GOOGL,18:19:45.666667,890.275,375289
430,AMZN,18:19:45.666667,920.1925,61945
431,YHOO,18:20:47.347794,48.25,5215728
432,INTC,18:20:47.347794,37.09,13675673
433,FB,18:20:47.347794,147.0255,4437023
434,AAPL,18:20:47.347794,143.77,7035709
435,IBM,18:20:47.347794,159.92,1500000
436,MSFT,18:20:47.347794,67.86,4625382
437,TWTR,18:20:47.347794,16.5,28705079
438,HPQ,18:20:47.347794,18.805,2021683
439,GOOGL,18:20:47.347794,889.78,686440
440,AMZN,18:20:47.347794,909.29,2608948
441,YHOO,18:21:49.149234,48.4201,3777685
442,INTC,18:21:49.149234,37.105,11201781
443,FB,18:21:49.149234,147.26,163107
444,AAPL,18:21:49.149234,143.55,4997818
445,IBM,18:21:49.149234,160.1,1889709
446,MSFT,18:21:49.149234,67.86,4625382
447,TWTR,18:21:49.149234,16.555,28103988
448,HPQ,18:21:49.149234,18.805,2021683
449,GOOGL,18:21:49.149234,889.73,557002
450,AMZN,18:21:49.149234,919.1,1429858
451,YHOO,18:22:50.745800,48.26,4053137
452,INTC,18:22:50.745800,36.995,4870516
453,FB,18:22:50.745800,147.34,6444165
454,AAPL,18:22:50.745800,143.77,7035709
455,IBM,18:22:50.745800,159.92,1500000
456,MSFT,18:22:50.745800,67.955,7485818
457,TWTR,18:22:50.745800,16.49,25847151
458,HPQ,18:22:50.745800,18.755,3388119
459,GOOGL,18:22:50.745800,888.9551,805557
460,AMZN,18:22:50.745800,920.1925,61945
461,YHOO,18:23:52.499213,48.36,4566003
462,INTC,18:23:52.499213,36.995,4870516
463,FB,18:23:52.499213,147.29,6104138
464,AAPL,18:23:52.499213,143.55,4997818
465,IBM,18:23:52.499213,159.94,1467206
466,MSFT,18:23:52.499213,67.665,5234474
467,TWTR,18:23:52.499213,16.49,25847151
468,HPQ,18:23:52.499213,18.74,4987061
469,GOOGL,18:23:52.499213,889.78,686440
470,AMZN,18:23:52.499213,919.3,1440069
471,YHOO,18:24:54.736658,48.36,4566003
472,INTC,18:24:54.736658,37.105,11201781
473,FB,18:24:54.736658,147.0255,4437023
474,AAPL,18:24:54.736658,143.7,6877803
475,IBM,18:24:54.736658,159.94,1467206
476,MSFT,18:24:54.736658,67.955,7485818
477,TWTR,18:24:54.736658,16.555,28103988
478,HPQ,18:24:54.736658,18.805,2021683
479,GOOGL,18:24:54.736658,889.78,686440
480,AMZN,18:24:54.736658,909.29,2608948
481,YHOO,18:25:56.404537,48.25,5215728
482,INTC,18:25:56.404537,37.105,11201781
483,FB,18:25:56.404537,147.26,163107
484,AAPL,18:25:56.404537,143.7,6877803
485,IBM,18:25:56.404537,159.94,1467206
486,MSFT,18:25:56.404537,67.775,737308
487,TWTR,18:25:56.404537,16.49,25847151
488,HPQ,18:25:56.404537,18.805,2021683
489,GOOGL,18:25:56.404537,890.275,375289
490,AMZN,18:25:56.404537,920.1925,61945
491,YHOO,18:26:58.053626,48.4201,3777685
492,INTC,18:26:58.053626,37.1,9555076
493,FB,18:26:58.053626,147.26,163107
494,AAPL,18:26:58.053626,143.77,7035709
495,IBM,18:26:58.053626,160.21,1711691
496,MSFT,18:26:58.053626,67.665,5234474
497,TWTR,18:26:58.053626,16.49,25847151
498,HPQ,18:26:58.053626,18.805,2021683
499,GOOGL,18:26:58.053626,889.73,557002
500,AMZN,18:26:58.053626,919.3,1440069
501,YHOO,18:27:59.674639,48.4201,3777685
502,INTC,18:27:59.674639,37.105,11201781
503,FB,18:27:59.674639,147.0255,4437023
504,AAPL,18:27:59.674639,143.7,6877803
505,IBM,18:27:59.674639,159.94,1467206
506,MSFT,18:27:59.674639,67.86,4625382
507,TWTR,18:27:59.674639,16.49,25847151
508,HPQ,18:27:59.674639,18.78,4602102
509,GOOGL,18:27:59.674639,890.275,375289
510,AMZN,18:27:59.674639,919.3,1440069
511,YHOO,18:29:01.298969,48.25,5215728
512,INTC,18:29:01.298969,37.09,13675673
513,FB,18:29:01.298969,147.29,6104138
514,AAPL,18:29:01.298969,143.7,6877803
515,IBM,18:29:01.298969,160.21,1711691
516,MSFT,18:29:01.298969,67.775,737308
517,TWTR,18:29:01.298969,16.49,25847151
518,HPQ,18:29:01.298969,18.755,3388119
519,GOOGL,18:29:01.298969,888.9551,805557
520,AMZN,18:29:01.298969,919.1,1429858
521,YHOO,18:30:02.956740,48.2,5568096
522,INTC,18:30:02.956740,37.105,11201781
523,FB,18:30:02.956740,147.0255,4437023
524,AAPL,18:30:02.956740,143.7,6877803
525,IBM,18:30:02.956740,159.92,1500000
526,MSFT,18:30:02.956740,67.83,26190770
527,TWTR,18:30:02.956740,16.5,28705079
528,HPQ,18:30:02.956740,18.78,4602102
529,GOOGL,18:30:02.956740,889.73,557002
530,AMZN,18:30:02.956740,919.1,1429858
531,YHOO,18:31:04.868707,48.36,4566003
532,INTC,18:31:04.868707,36.995,4870516
533,FB,18:31:04.868707,147.29,6104138
534,AAPL,18:31:04.868707,143.77,7035709
535,IBM,18:31:04.868707,159.94,1467206
536,MSFT,18:31:04.868707,67.83,26190770
537,TWTR,18:31:04.868707,16.555,28103988
538,HPQ,18:31:04.868707,18.78,4602102
539,GOOGL,18:31:04.868707,890.275,375289
540,AMZN,18:31:04.868707,920.1925,61945
541,YHOO,18:32:06.447616,48.36,4566003
542,INTC,18:32:06.447616,36.995,4870516
543,FB,18:32:06.447616,147.34,6444165
544,AAPL,18:32:06.447616,143.7,6877803
545,IBM,18:32:06.447616,160.1,1889709
546,MSFT,18:32:06.447616,67.955,7485818
547,TWTR,18:32:06.447616,16.555,28103988
548,HPQ,18:32:06.447616,18.74,468998
549,GOOGL,18:32:06.447616,890.275,375289
550,AMZN,18:32:06.447616,919.3,1440069
551,YHOO,18:33:08.002597,48.36,4566003
552,INTC,18:33:08.002597,37.09,13675673
553,FB,18:33:08.002597,147.26,163107
554,AAPL,18:33:08.002597,143.68,20041241
555,IBM,18:33:08.002597,159.94,1467206
556,MSFT,18:33:08.002597,67.665,5234474
557,TWTR,18:33:08.002597,16.335,16765632
558,HPQ,18:33:08.002597,18.74,468998
559,GOOGL,18:33:08.002597,890.275,375289
560,AMZN,18:33:08.002597,920.1925,61945
561,YHOO,18:34:21.997574,48.25,5215728
562,INTC,18:34:21.997574,36.995,4870516
563,FB,18:34:21.997574,147.34,6444165
564,AAPL,18:34:21.997574,143.55,4997818
565,IBM,18:34:21.997574,160.1,1889709
566,MSFT,18:34:21.997574,67.955,7485818
567,TWTR,18:34:21.997574,16.5,28705079
568,HPQ,18:34:21.997574,18.755,3388119
569,GOOGL,18:34:21.997574,889.73,557002
570,AMZN,18:34:21.997574,919.3,1440069
571,YHOO,18:35:23.680939,48.25,5215728
572,INTC,18:35:23.680939,37.09,13675673
573,FB,18:35:23.680939,147.29,6104138
574,AAPL,18:35:23.680939,143.55,4997818
575,IBM,18:35:23.680939,159.94,1467206
576,MSFT,18:35:23.680939,67.955,7485818
577,TWTR,18:35:23.680939,16.5,28705079
578,HPQ,18:35:23.680939,18.755,5074327
579,GOOGL,18:35:23.680939,889.78,686440
580,AMZN,18:35:23.680939,919.3,1440069
581,YHOO,18:36:25.368448,48.25,5215728
582,INTC,18:36:25.368448,37.1,9555076
583,FB,18:36:25.368448,147.26,163107
584,AAPL,18:36:25.368448,143.55,4997818
585,IBM,18:36:25.368448,159.92,1500000
586,MSFT,18:36:25.368448,67.955,7485818
587,TWTR,18:36:25.368448,16.555,28103988
588,HPQ,18:36:25.368448,18.755,3388119
589,GOOGL,18:36:25.368448,889.73,557002
590,AMZN,18:36:25.368448,919.1,1429858
591,YHOO,18:37:27.044148,48.25,5215728
592,INTC,18:37:27.044148,36.995,4870516
593,FB,18:37:27.044148,147.26,163107
594,AAPL,18:37:27.044148,143.48,4945691
595,IBM,18:37:27.044148,160.1,1889709
596,MSFT,18:37:27.044148,67.665,5234474
597,TWTR,18:37:27.044148,16.555,28103988
598,HPQ,18:37:27.044148,18.755,5074327
599,GOOGL,18:37:27.044148,890.275,375289
600,AMZN,18:37:27.044148,920.1925,61945
601,YHOO,18:38:29.138871,48.36,4566003
602,INTC,18:38:29.138871,36.995,4870516
603,FB,18:38:29.138871,147.34,6444165
604,AAPL,18:38:29.138871,143.48,4945691
605,IBM,18:38:29.138871,160.1,1889709
606,MSFT,18:38:29.138871,67.995,10611289
607,TWTR,18:38:29.138871,16.335,16765632
608,HPQ,18:38:29.138871,18.78,4602102
609,GOOGL,18:38:29.138871,890.275,375289
610,AMZN,18:38:29.138871,919.1,1429858
611,YHOO,18:39:30.865846,48.26,4053137
612,INTC,18:39:30.865846,37.09,13675673
613,FB,18:39:30.865846,147.26,163107
614,AAPL,18:39:30.865846,143.55,4997818
615,IBM,18:39:30.865846,159.94,1467206
616,MSFT,18:39:30.865846,67.995,10611289
617,TWTR,18:39:30.865846,16.5,28705079
618,HPQ,18:39:30.865846,18.755,3388119
619,GOOGL,18:39:30.865846,890.275,375289
620,AMZN,18:39:30.865846,920.1925,61945
621,YHOO,18:40:32.503315,48.25,5215728
622,INTC,18:40:32.503315,36.995,4870516
623,FB,18:40:32.503315,147.34,6444165
624,AAPL,18:40:32.503315,143.48,4945691
625,IBM,18:40:32.503315,159.92,1500000
626,MSFT,18:40:32.503315,67.995,10611289
627,TWTR,18:40:32.503315,16.5,28705079
628,HPQ,18:40:32.503315,18.755,3388119
629,GOOGL,18:40:32.503315,889.73,557002
630,AMZN,18:40:32.503315,919.3,1440069
631,YHOO,18:41:34.357306,48.4201,3777685
632,INTC,18:41:34.357306,37.1,9555076
633,FB,18:41:34.357306,147.26,163107
634,AAPL,18:41:34.357306,143.48,4945691
635,IBM,18:41:34.357306,160.1,1889709
636,MSFT,18:41:34.357306,67.665,5234474
637,TWTR,18:41:34.357306,16.335,16765632
638,HPQ,18:41:34.357306,18.755,5074327
639,GOOGL,18:41:34.357306,889.73,557002
640,AMZN,18:41:34.357306,919.1,1429858
641,YHOO,18:42:36.062329,48.4201,3777685
642,INTC,18:42:36.062329,37.1,9555076
643,FB,18:42:36.062329,147.29,6104138
644,AAPL,18:42:36.062329,143.7,6877803
645,IBM,18:42:36.062329,159.92,1500000
646,MSFT,18:42:36.062329,67.995,10611289
647,TWTR,18:42:36.062329,16.555,28103988
648,HPQ,18:42:36.062329,18.78,4602102
649,GOOGL,18:42:36.062329,889.78,686440
650,AMZN,18:42:36.062329,919.1,1429858
651,YHOO,18:43:37.755689,48.25,5215728
652,INTC,18:43:37.755689,37.12,556320
653,FB,18:43:37.755689,147.34,6444165
654,AAPL,18:43:37.755689,143.55,4997818
655,IBM,18:43:37.755689,159.92,1500000
656,MSFT,18:43:37.755689,67.665,5234474
657,TWTR,18:43:37.755689,16.335,16765632
658,HPQ,18:43:37.755689,18.755,3388119
659,GOOGL,18:43:37.755689,890.275,375289
660,AMZN,18:43:37.755689,920.1925,61945
661,YHOO,18:44:39.406903,48.25,5215728
662,INTC,18:44:39.406903,37.12,556320
663,FB,18:44:39.406903,147.34,6444165
664,AAPL,18:44:39.406903,143.7,6877803
665,IBM,18:44:39.406903,159.92,1500000
666,MSFT,18:44:39.406903,67.83,26190770
667,TWTR,18:44:39.406903,16.335,16765632
668,HPQ,18:44:39.406903,18.755,5074327
669,GOOGL,18:44:39.406903,889.73,557002
670,AMZN,18:44:39.406903,920.1925,61945
671,YHOO,18:45:41.085704,48.36,4566003
672,INTC,18:45:41.085704,37.12,556320
673,FB,18:45:41.085704,147.29,6104138
674,AAPL,18:45:41.085704,143.55,4997818
675,IBM,18:45:41.085704,159.94,1467206
676,MSFT,18:45:41.085704,67.995,10611289
677,TWTR,18:45:41.085704,16.555,28103988
678,HPQ,18:45:41.085704,18.755,5074327
679,GOOGL,18:45:41.085704,889.78,686440
680,AMZN,18:45:41.085704,920.1925,61945
681,YHOO,18:46:47.128120,48.25,5215728
682,INTC,18:46:47.128120,37.09,13675673
683,FB,18:46:47.128120,147.29,6104138
684,AAPL,18:46:47.128120,143.48,4945691
685,IBM,18:46:47.128120,159.92,1500000
686,MSFT,18:46:47.128120,67.995,10611289
687,TWTR,18:46:47.128120,16.5684,31202125
688,HPQ,18:46:47.128120,18.78,4602102
689,GOOGL,18:46:47.128120,889.73,557002
690,AMZN,18:46:47.128120,920.1925,61945
691,YHOO,18:47:48.929016,48.4201,3777685
692,INTC,18:47:48.929016,37.1,9555076
693,FB,18:47:48.929016,147.34,6444165
694,AAPL,18:47:48.929016,143.68,20041241
695,IBM,18:47:48.929016,159.92,1500000
696,MSFT,18:47:48.929016,67.955,7485818
697,TWTR,18:47:48.929016,16.5684,31202125
698,HPQ,18:47:48.929016,18.78,4602102
699,GOOGL,18:47:48.929016,889.78,686440
700,AMZN,18:47:48.929016,919.1,1429858
701,YHOO,18:48:51.396616,48.25,5215728
702,INTC,18:48:51.396616,37.12,556320
703,FB,18:48:51.396616,147.26,163107
704,AAPL,18:48:51.396616,143.48,4945691
705,IBM,18:48:51.396616,160.0618,2059033
706,MSFT,18:48:51.396616,67.995,10611289
707,TWTR,18:48:51.396616,16.5684,31202125
708,HPQ,18:48:51.396616,18.78,4602102
709,GOOGL,18:48:51.396616,889.78,686440
710,AMZN,18:48:51.396616,920.68,1672318
711,YHOO,18:49:53.145831,48.25,5215728
712,INTC,18:49:53.145831,37.12,556320
713,FB,18:49:53.145831,147.26,163107
714,AAPL,18:49:53.145831,143.55,4997818
715,IBM,18:49:53.145831,159.92,1500000
716,MSFT,18:49:53.145831,67.665,5234474
717,TWTR,18:49:53.145831,16.5,28705079
718,HPQ,18:49:53.145831,18.7202,5309575
719,GOOGL,18:49:53.145831,890.275,375289
720,AMZN,18:49:53.145831,919.1,1429858
721,YHOO,18:50:54.815256,48.36,4566003
722,INTC,18:50:54.815256,37.09,13675673
723,FB,18:50:54.815256,147.29,6104138
724,AAPL,18:50:54.815256,143.49,5574647
725,IBM,18:50:54.815256,159.92,1500000
726,MSFT,18:50:54.815256,67.995,10611289
727,TWTR,18:50:54.815256,16.5684,31202125
728,HPQ,18:50:54.815256,18.755,5074327
729,GOOGL,18:50:54.815256,889.78,686440
730,AMZN,18:50:54.815256,920.1925,61945
731,YHOO,18:51:56.499317,48.26,4053137
732,INTC,18:51:56.499317,37.12,556320
733,FB,18:51:56.499317,147.29,6104138
734,AAPL,18:51:56.499317,143.4958,5573447
735,IBM,18:51:56.499317,160.1,1889709
736,MSFT,18:51:56.499317,67.665,5234474
737,TWTR,18:51:56.499317,16.555,28103988
738,HPQ,18:51:56.499317,18.755,3388119
739,GOOGL,18:51:56.499317,889.35,911676
740,AMZN,18:51:56.499317,919.1,1429858
741,YHOO,18:52:58.199278,48.25,5215728
742,INTC,18:52:58.199278,37.12,556320
743,FB,18:52:58.199278,146.56,12394959
744,AAPL,18:52:58.199278,143.7,6877803
745,IBM,18:52:58.199278,160.1,1889709
746,MSFT,18:52:58.199278,67.85,2069651
747,TWTR,18:52:58.199278,16.555,28103988
748,HPQ,18:52:58.199278,18.72,5337758
749,GOOGL,18:52:58.199278,889.73,557002
750,AMZN,18:52:58.199278,919.1,1429858
751,YHOO,18:54:00.162929,48.28,5015895
752,INTC,18:54:00.162929,37.1,9555076
753,FB,18:54:00.162929,147.29,6104138
754,AAPL,18:54:00.162929,143.48,5576784
755,IBM,18:54:00.162929,160.1,1889709
756,MSFT,18:54:00.162929,67.85,2048012
757,TWTR,18:54:00.162929,16.5,28705079
758,HPQ,18:54:00.162929,18.725,5341219
759,GOOGL,18:54:00.162929,889.73,557002
760,AMZN,18:54:00.162929,919.98,2074642
761,YHOO,18:55:05.776180,48.235,6700025
762,INTC,18:55:05.776180,37.1,9555076
763,FB,18:55:05.776180,147.34,17372
764,AAPL,18:55:05.776180,143.7,6877803
765,IBM,18:55:05.776180,159.94,1467206
766,MSFT,18:55:05.776180,67.665,5234474
767,TWTR,18:55:05.776180,16.5659,27370010
768,HPQ,18:55:05.776180,18.725,5341219
769,GOOGL,18:55:05.776180,889.35,911677
770,AMZN,18:55:05.776180,920.68,1672318
771,YHOO,18:56:08.282527,48.235,6700025
772,INTC,18:56:08.282527,37.1,9555076
773,FB,18:56:08.282527,147.26,163107
774,AAPL,18:56:08.282527,143.795,8701194
775,IBM,18:56:08.282527,159.94,1467206
776,MSFT,18:56:08.282527,67.665,5234474
777,TWTR,18:56:08.282527,16.02,69409232
778,HPQ,18:56:08.282527,18.755,5074327
779,GOOGL,18:56:08.282527,889.35,911676
780,AMZN,18:56:08.282527,919.3,1440069
781,YHOO,18:57:10.453822,48.36,4566003
782,INTC,18:57:10.453822,37.09,13675673
783,FB,18:57:10.453822,147.29,6104138
784,AAPL,18:57:10.453822,143.7799,8727525
785,IBM,18:57:10.453822,159.92,1500000
786,MSFT,18:57:10.453822,67.995,10611289
787,TWTR,18:57:10.453822,16.5684,31202125
788,HPQ,18:57:10.453822,18.78,4602102
789,GOOGL,18:57:10.453822,889.73,557002
790,AMZN,18:57:10.453822,919.1,1429858
791,YHOO,18:58:12.165821,48.25,5215728
792,INTC,18:58:12.165821,37.09,13675673
793,FB,18:58:12.165821,147.26,163107
794,AAPL,18:58:12.165821,143.68,20041241
795,IBM,18:58:12.165821,160.1,1889709
796,MSFT,18:58:12.165821,67.955,7485818
797,TWTR,18:58:12.165821,16.5684,31202125
798,HPQ,18:58:12.165821,18.755,3388119
799,GOOGL,18:58:12.165821,889.78,686440
800,AMZN,18:58:12.165821,920.1925,61945
801,YHOO,18:59:13.811788,48.235,6700025
802,INTC,18:59:13.811788,37.09,13675673
803,FB,18:59:13.811788,147.0255,4437023
804,AAPL,18:59:13.811788,143.7799,8727525
805,IBM,18:59:13.811788,160.09,2056479
806,MSFT,18:59:13.811788,67.85,2048012
807,TWTR,18:59:13.811788,16.5684,31202125
808,HPQ,18:59:13.811788,18.755,5074327
809,GOOGL,18:59:13.811788,888.9551,805557
810,AMZN,18:59:13.811788,920.0,910846
811,YHOO,19:00:15.502592,48.36,4566003
812,INTC,19:00:15.502592,37.315,20912111
813,FB,19:00:15.502592,147.34,6444165
814,AAPL,19:00:15.502592,143.795,8701194
815,IBM,19:00:15.502592,160.21,1711691
816,MSFT,19:00:15.502592,67.825,4021865
817,TWTR,19:00:15.502592,16.5684,31202125
818,HPQ,19:00:15.502592,18.805,2021683
819,GOOGL,19:00:15.502592,890.46,1214833
820,AMZN,19:00:15.502592,920.6,67782
821,YHOO,19:01:17.356761,48.28,5017777
822,INTC,19:01:17.356761,37.105,11201781
823,FB,19:01:17.356761,147.34,6444165
824,AAPL,19:01:17.356761,143.77,7035709
825,IBM,19:01:17.356761,160.1,1889709
826,MSFT,19:01:17.356761,67.775,737308
827,TWTR,19:01:17.356761,16.555,28103988
828,HPQ,19:01:17.356761,18.78,4602102
829,GOOGL,19:01:17.356761,889.73,557002
830,AMZN,19:01:17.356761,920.1925,61945
831,YHOO,19:02:19.195744,48.2,5568096
832,INTC,19:02:19.195744,37.09,13675673
833,FB,19:02:19.195744,147.0255,4437023
834,AAPL,19:02:19.195744,143.4958,5573447
835,IBM,19:02:19.195744,159.94,1467206
836,MSFT,19:02:19.195744,67.825,4021865
837,TWTR,19:02:19.195744,16.49,25847151
838,HPQ,19:02:19.195744,18.78,4602102
839,GOOGL,19:02:19.195744,889.73,557002
840,AMZN,19:02:19.195744,919.98,2074642
841,YHOO,19:03:21.148128,48.36,4566003
842,INTC,19:03:21.148128,37.105,11201781
843,FB,19:03:21.148128,147.26,163107
844,AAPL,19:03:21.148128,143.795,8701194
845,IBM,19:03:21.148128,159.94,1467206
846,MSFT,19:03:21.148128,67.665,5234474
847,TWTR,19:03:21.148128,16.5659,27370010
848,HPQ,19:03:21.148128,18.805,2021683
849,GOOGL,19:03:21.148128,889.14,1323297
850,AMZN,19:03:21.148128,920.0,910846
851,YHOO,19:04:22.903137,48.28,5017700
852,INTC,19:04:22.903137,37.105,11201781
853,FB,19:04:22.903137,147.26,163107
854,AAPL,19:04:22.903137,143.77,7035709
855,IBM,19:04:22.903137,160.21,1711691
856,MSFT,19:04:22.903137,67.85,2048012
857,TWTR,19:04:22.903137,16.02,69409232
858,HPQ,19:04:22.903137,18.7202,5309575
859,GOOGL,19:04:22.903137,889.78,686440
860,AMZN,19:04:22.903137,920.6,67782
861,YHOO,19:05:24.854484,48.28,5015895
862,INTC,19:05:24.854484,37.12,556320
863,FB,19:05:24.854484,147.19,4977171
864,AAPL,19:05:24.854484,143.795,8701194
865,IBM,19:05:24.854484,159.92,1500000
866,MSFT,19:05:24.854484,67.995,10611289
867,TWTR,19:05:24.854484,16.555,28103988
868,HPQ,19:05:24.854484,18.715,5452319
869,GOOGL,19:05:24.854484,889.35,911677
870,AMZN,19:05:24.854484,919.98,2074642
871,YHOO,19:06:26.789471,48.235,6700025
872,INTC,19:06:26.789471,37.105,11201781
873,FB,19:06:26.789471,147.34,6444165
874,AAPL,19:06:26.789471,143.7799,8727525
875,IBM,19:06:26.789471,160.1,1890519
876,MSFT,19:06:26.789471,67.85,2048012
877,TWTR,19:06:26.789471,16.5659,27370010
878,HPQ,19:06:26.789471,18.755,5074327
879,GOOGL,19:06:26.789471,889.78,686440
880,AMZN,19:06:26.789471,920.0,910846
881,YHOO,19:07:28.763407,48.235,6700025
882,INTC,19:07:28.763407,37.09,13675673
883,FB,19:07:28.763407,147.29,6104138
884,AAPL,19:07:28.763407,143.77,7035709
885,IBM,19:07:28.763407,160.0618,2059033
886,MSFT,19:07:28.763407,67.85,2069651
887,TWTR,19:07:28.763407,16.49,25847151
888,HPQ,19:07:28.763407,18.78,4602102
889,GOOGL,19:07:28.763407,889.78,686440
890,AMZN,19:07:28.763407,919.7893,901137
891,YHOO,19:08:30.572533,48.235,6700025
892,INTC,19:08:30.572533,37.105,11201781
893,FB,19:08:30.572533,147.34,6444165
894,AAPL,19:08:30.572533,143.7,6877803
895,IBM,19:08:30.572533,160.21,1711691
896,MSFT,19:08:30.572533,67.665,5234474
897,TWTR,19:08:30.572533,16.5684,31202125
898,HPQ,19:08:30.572533,18.78,4602102
899,GOOGL,19:08:30.572533,888.9551,805557
900,AMZN,19:08:30.572533,920.6,67782
901,YHOO,19:09:32.612687,48.25,5215728
902,INTC,19:09:32.612687,37.1,9555076
903,FB,19:09:32.612687,147.0255,4437023
904,AAPL,19:09:32.612687,143.7799,8727525
905,IBM,19:09:32.612687,160.1,1889709
906,MSFT,19:09:32.612687,67.925,12690417
907,TWTR,19:09:32.612687,16.555,28103988
908,HPQ,19:09:32.612687,18.805,2021683
909,GOOGL,19:09:32.612687,889.78,686440
910,AMZN,19:09:32.612687,920.1925,61945
911,YHOO,19:10:34.095353,48.25,5215728
912,INTC,19:10:34.095353,37.105,11201781
913,FB,19:10:34.095353,146.56,12394959
914,AAPL,19:10:34.095353,143.77,7035709
915,IBM,19:10:34.095353,159.94,1467206
916,MSFT,19:10:34.095353,67.995,10611289
917,TWTR,19:10:34.095353,16.555,28103988
918,HPQ,19:10:34.095353,18.755,3388119
919,GOOGL,19:10:34.095353,889.73,557002
920,AMZN,19:10:34.095353,920.6,67782
921,YHOO,19:11:35.675456,48.25,5215728
922,INTC,19:11:35.675456,37.09,13675673
923,FB,19:11:35.675456,147.26,163107
924,AAPL,19:11:35.675456,143.795,8701194
925,IBM,19:11:35.675456,159.92,1500000
926,MSFT,19:11:35.675456,67.995,10611289
927,TWTR,19:11:35.675456,16.49,25847151
928,HPQ,19:11:35.675456,18.755,5074327
929,GOOGL,19:11:35.675456,890.46,1214833
930,AMZN,19:11:35.675456,919.7893,901137
931,YHOO,19:12:37.637513,48.2,5568096
932,INTC,19:12:37.637513,37.12,556320
933,FB,19:12:37.637513,147.29,6104138
934,AAPL,19:12:37.637513,143.7,6877803
935,IBM,19:12:37.637513,159.92,1500000
936,MSFT,19:12:37.637513,67.775,737308
937,TWTR,19:12:37.637513,16.49,25847151
938,HPQ,19:12:37.637513,18.78,4602102
939,GOOGL,19:12:37.637513,888.9551,805557
940,AMZN,19:12:37.637513,920.6,67782
941,YHOO,19:13:39.416789,48.2,5568096
942,INTC,19:13:39.416789,37.1,9555076
943,FB,19:13:39.416789,147.34,6444165
944,AAPL,19:13:39.416789,143.7,6877803
945,IBM,19:13:39.416789,160.1,1889709
946,MSFT,19:13:39.416789,67.775,737308
947,TWTR,19:13:39.416789,16.49,25847151
948,HPQ,19:13:39.416789,18.805,2021683
949,GOOGL,19:13:39.416789,889.78,686440
950,AMZN,19:13:39.416789,919.7893,901137
951,YHOO,19:14:41.433965,48.25,5215728
952,INTC,19:14:41.433965,37.1,9555076
953,FB,19:14:41.433965,147.34,6444165
954,AAPL,19:14:41.433965,143.77,7035709
955,IBM,19:14:41.433965,159.94,1467206
956,MSFT,19:14:41.433965,67.775,737308
957,TWTR,19:14:41.433965,16.5684,31202125
958,HPQ,19:14:41.433965,18.805,2021683
959,GOOGL,19:14:41.433965,888.9551,805557
960,AMZN,19:14:41.433965,920.6,67782
961,YHOO,19:15:43.199248,48.2,5568096
962,INTC,19:15:43.199248,37.09,13675673
963,FB,19:15:43.199248,147.29,6104138
964,AAPL,19:15:43.199248,143.795,8701194
965,IBM,19:15:43.199248,160.1,1889709
966,MSFT,19:15:43.199248,67.665,5234474
967,TWTR,19:15:43.199248,16.5684,31202125
968,HPQ,19:15:43.199248,18.805,2021683
969,GOOGL,19:15:43.199248,889.73,557002
970,AMZN,19:15:43.199248,920.1925,61945
971,YHOO,19:16:45.091178,48.235,6700025
972,INTC,19:16:45.091178,37.12,556320
973,FB,19:16:45.091178,147.26,163107
974,AAPL,19:16:45.091178,143.77,7035709
975,IBM,19:16:45.091178,160.1,1889709
976,MSFT,19:16:45.091178,67.995,10611289
977,TWTR,19:16:45.091178,16.5,28705079
978,HPQ,19:16:45.091178,18.755,3388119
979,GOOGL,19:16:45.091178,889.73,557002
980,AMZN,19:16:45.091178,920.0,910846
981,YHOO,19:17:46.928992,48.235,6700025
982,INTC,19:17:46.928992,37.12,556320
983,FB,19:17:46.928992,147.34,6444165
984,AAPL,19:17:46.928992,143.7799,8727525
985,IBM,19:17:46.928992,159.92,1500000
986,MSFT,19:17:46.928992,67.775,737308
987,TWTR,19:17:46.928992,16.5,28705079
988,HPQ,19:17:46.928992,18.805,2021683
989,GOOGL,19:17:46.928992,890.46,1214833
990,AMZN,19:17:46.928992,919.7893,901137
991,YHOO,19:18:48.584415,48.235,6700025
992,INTC,19:18:48.584415,37.12,556320
993,FB,19:18:48.584415,147.29,6104138
994,AAPL,19:18:48.584415,143.795,8701194
995,IBM,19:18:48.584415,160.1,1889709
996,MSFT,19:18:48.584415,67.995,10611289
997,TWTR,19:18:48.584415,16.5684,31202125
998,HPQ,19:18:48.584415,18.78,4602102
999,GOOGL,19:18:48.584415,890.46,1214833
1000,AMZN,19:18:48.584415,919.7893,901137
1001,YHOO,19:19:50.251344,48.28,5015895
1002,INTC,19:19:50.251344,37.1,9555076
1003,FB,19:19:50.251344,147.29,6104138
1004,AAPL,19:19:50.251344,143.795,8701194
1005,IBM,19:19:50.251344,160.21,1711691
1006,MSFT,19:19:50.251344,67.665,5234474
1007,TWTR,19:19:50.251344,16.555,28103988
1008,HPQ,19:19:50.251344,18.755,3388119
1009,GOOGL,19:19:50.251344,889.35,911634
1010,AMZN,19:19:50.251344,920.0,910846
1011,YHOO,19:20:52.199320,48.235,6700025
1012,INTC,19:20:52.199320,37.1,9555076
1013,FB,19:20:52.199320,147.26,163107
1014,AAPL,19:20:52.199320,143.7,6877803
1015,IBM,19:20:52.199320,160.0618,2059033
1016,MSFT,19:20:52.199320,67.775,737308
1017,TWTR,19:20:52.199320,16.5,28705079
1018,HPQ,19:20:52.199320,18.78,4602102
1019,GOOGL,19:20:52.199320,888.9551,805557
1020,AMZN,19:20:52.199320,919.7893,901137
1021,YHOO,19:21:53.924547,48.235,6700025
1022,INTC,19:21:53.924547,37.12,556320
1023,FB,19:21:53.924547,147.29,6104138
1024,AAPL,19:21:53.924547,143.795,8701194
1025,IBM,19:21:53.924547,160.21,1711691
1026,MSFT,19:21:53.924547,67.925,12690417
1027,TWTR,19:21:53.924547,16.5684,31202125
1028,HPQ,19:21:53.924547,18.78,4602102
1029,GOOGL,19:21:53.924547,888.9551,805557
1030,AMZN,19:21:53.924547,920.6,67782
1031,YHOO,19:22:55.598923,48.28,7060426
1032,INTC,19:22:55.598923,37.1,9555076
1033,FB,19:22:55.598923,147.26,163107
1034,AAPL,19:22:55.598923,143.7799,8727525
1035,IBM,19:22:55.598923,159.92,1500000
1036,MSFT,19:22:55.598923,67.925,12690417
1037,TWTR,19:22:55.598923,16.555,28103988
1038,HPQ,19:22:55.598923,18.7202,5309575
1039,GOOGL,19:22:55.598923,890.46,1214833
1040,AMZN,19:22:55.598923,920.0,910846
1041,YHOO,19:23:57.774389,48.2,5568096
1042,INTC,19:23:57.774389,37.09,13675673
1043,FB,19:23:57.774389,147.34,6444165
1044,AAPL,19:23:57.774389,143.7,6877803
1045,IBM,19:23:57.774389,159.92,1500000
1046,MSFT,19:23:57.774389,67.995,10611289
1047,TWTR,19:23:57.774389,16.5684,31202125
1048,HPQ,19:23:57.774389,18.755,3388119
1049,GOOGL,19:23:57.774389,890.46,1214833
1050,AMZN,19:23:57.774389,920.6,67782
1051,YHOO,19:24:59.428745,48.25,5215728
1052,INTC,19:24:59.428745,37.105,11201781
1053,FB,19:24:59.428745,147.119,5739555
1054,AAPL,19:24:59.428745,143.7799,8727525
1055,IBM,19:24:59.428745,160.21,1711691
1056,MSFT,19:24:59.428745,67.775,737308
1057,TWTR,19:24:59.428745,16.49,25847151
1058,HPQ,19:24:59.428745,18.78,4602102
1059,GOOGL,19:24:59.428745,888.9551,805557
1060,AMZN,19:24:59.428745,920.1925,61945
1061,YHOO,19:26:01.082953,48.2,5568096
1062,INTC,19:26:01.082953,37.315,20912111
1063,FB,19:26:01.082953,147.26,163107
1064,AAPL,19:26:01.082953,143.7799,8727525
1065,IBM,19:26:01.082953,159.92,1500000
1066,MSFT,19:26:01.082953,67.665,5234474
1067,TWTR,19:26:01.082953,16.555,28103988
1068,HPQ,19:26:01.082953,18.78,4602102
1069,GOOGL,19:26:01.082953,889.78,686440
1070,AMZN,19:26:01.082953,920.1925,61945
1071,YHOO,19:27:02.776417,48.28,5017777
1072,INTC,19:27:02.776417,37.12,556320
1073,FB,19:27:02.776417,147.29,6104138
1074,AAPL,19:27:02.776417,143.7,6877803
1075,IBM,19:27:02.776417,159.94,1467206
1076,MSFT,19:27:02.776417,67.995,10611289
1077,TWTR,19:27:02.776417,16.555,28103988
1078,HPQ,19:27:02.776417,18.805,2021683
1079,GOOGL,19:27:02.776417,889.69,1186225
1080,AMZN,19:27:02.776417,920.0,910846
1081,YHOO,19:28:04.585503,48.28,5017700
1082,INTC,19:28:04.585503,37.105,11201781
1083,FB,19:28:04.585503,147.34,6444165
1084,AAPL,19:28:04.585503,143.7,6877803
1085,IBM,19:28:04.585503,160.21,1711691
1086,MSFT,19:28:04.585503,67.925,12690417
1087,TWTR,19:28:04.585503,16.5,28705079
1088,HPQ,19:28:04.585503,18.78,4602102
1089,GOOGL,19:28:04.585503,888.9551,805557
1090,AMZN,19:28:04.585503,920.1925,61945
1091,YHOO,19:29:06.322866,48.28,5017700
1092,INTC,19:29:06.322866,37.105,12503808
1093,FB,19:29:06.322866,147.29,6104138
1094,AAPL,19:29:06.322866,143.7799,8727525
1095,IBM,19:29:06.322866,160.09,2056479
1096,MSFT,19:29:06.322866,67.995,10611289
1097,TWTR,19:29:06.322866,16.5845,27553528
1098,HPQ,19:29:06.322866,18.755,3388119
1099,GOOGL,19:29:06.322866,890.46,1214833
1100,AMZN,19:29:06.322866,920.54,1675117
1101,YHOO,19:30:08.247338,48.28,7060426
1102,INTC,19:30:08.247338,37.1,9555076
1103,FB,19:30:08.247338,147.29,6104138
1104,AAPL,19:30:08.247338,143.7799,8727525
1105,IBM,19:30:08.247338,159.92,1500000
1106,MSFT,19:30:08.247338,67.925,12690417
1107,TWTR,19:30:08.247338,16.5659,27370010
1108,HPQ,19:30:08.247338,18.755,5074327
1109,GOOGL,19:30:08.247338,889.69,1186225
1110,AMZN,19:30:08.247338,919.98,2074642
1111,YHOO,19:31:10.631087,48.28,7060426
1112,INTC,19:31:10.631087,37.095,12471303
1113,FB,19:31:10.631087,147.0255,4437023
1114,AAPL,19:31:10.631087,143.795,8701194
1115,IBM,19:31:10.631087,160.1,1890519
1116,MSFT,19:31:10.631087,67.995,10611289
1117,TWTR,19:31:10.631087,16.53,30109669
1118,HPQ,19:31:10.631087,18.755,3388119
1119,GOOGL,19:31:10.631087,889.35,911677
1120,AMZN,19:31:10.631087,920.6175,1674002
1121,YHOO,19:32:12.705001,48.2,5568096
1122,INTC,19:32:12.705001,37.1,9555076
1123,FB,19:32:12.705001,147.34,17372
1124,AAPL,19:32:12.705001,143.795,8701194
1125,IBM,19:32:12.705001,160.1,1889709
1126,MSFT,19:32:12.705001,67.85,2040931
1127,TWTR,19:32:12.705001,16.49,25847151
1128,HPQ,19:32:12.705001,18.78,4602102
1129,GOOGL,19:32:12.705001,889.73,557002
1130,AMZN,19:32:12.705001,919.7893,901137
1131,YHOO,19:33:14.644601,48.2,5568096
1132,INTC,19:33:14.644601,37.1,9555076
1133,FB,19:33:14.644601,147.26,163107
1134,AAPL,19:33:14.644601,143.795,8701194
1135,IBM,19:33:14.644601,159.94,1467206
1136,MSFT,19:33:14.644601,67.995,10611289
1137,TWTR,19:33:14.644601,16.56,33117476
1138,HPQ,19:33:14.644601,18.715,5452319
1139,GOOGL,19:33:14.644601,890.46,1214833
1140,AMZN,19:33:14.644601,920.6,67782
1141,YHOO,19:34:16.427707,48.235,6700025
1142,INTC,19:34:16.427707,37.105,11201781
1143,FB,19:34:16.427707,147.0255,4437023
1144,AAPL,19:34:16.427707,143.7799,8727525
1145,IBM,19:34:16.427707,160.11,2193122
1146,MSFT,19:34:16.427707,67.925,12690417
1147,TWTR,19:34:16.427707,16.555,28103988
1148,HPQ,19:34:16.427707,18.805,2021683
1149,GOOGL,19:34:16.427707,890.46,1214833
1150,AMZN,19:34:16.427707,920.1925,61945
1151,YHOO,19:35:18.128477,48.235,6700025
1152,INTC,19:35:18.128477,37.095,12471303
1153,FB,19:35:18.128477,147.26,163107
1154,AAPL,19:35:18.128477,143.77,7035709
1155,IBM,19:35:18.128477,160.09,2056479
1156,MSFT,19:35:18.128477,67.995,10611289
1157,TWTR,19:35:18.128477,16.5,28705079
1158,HPQ,19:35:18.128477,18.72,5337758
1159,GOOGL,19:35:18.128477,889.73,557002
1160,AMZN,19:35:18.128477,920.6,67782
1161,YHOO,19:36:19.986807,48.28,5017777
1162,INTC,19:36:19.986807,37.12,556320
1163,FB,19:36:19.986807,147.26,163107
1164,AAPL,19:36:19.986807,143.49,5574647
1165,IBM,19:36:19.986807,160.21,1711691
1166,MSFT,19:36:19.986807,67.665,5234474
1167,TWTR,19:36:19.986807,16.49,25847151
1168,HPQ,19:36:19.986807,18.755,5074327
1169,GOOGL,19:36:19.986807,889.35,911677
1170,AMZN,19:36:19.986807,919.7893,901137
1171,YHOO,19:37:21.871589,48.28,5017700
1172,INTC,19:37:21.871589,37.12,556320
1173,FB,19:37:21.871589,147.29,6104138
1174,AAPL,19:37:21.871589,143.7,6877803
1175,IBM,19:37:21.871589,160.21,1711691
1176,MSFT,19:37:21.871589,67.995,10611289
1177,TWTR,19:37:21.871589,16.5,28705079
1178,HPQ,19:37:21.871589,18.805,2021683
1179,GOOGL,19:37:21.871589,889.78,686440
1180,AMZN,19:37:21.871589,920.6,67782
1181,YHOO,19:38:23.644046,48.25,5215728
1182,INTC,19:38:23.644046,37.105,11201781
1183,FB,19:38:23.644046,147.29,6104138
1184,AAPL,19:38:23.644046,143.7799,8727525
1185,IBM,19:38:23.644046,159.92,1500000
1186,MSFT,19:38:23.644046,67.665,5234474
1187,TWTR,19:38:23.644046,16.5684,31202125
1188,HPQ,19:38:23.644046,18.755,3388119
1189,GOOGL,19:38:23.644046,888.9551,805557
1190,AMZN,19:38:23.644046,920.6175,1674002
1191,YHOO,19:39:25.363179,48.2,5568096
1192,INTC,19:39:25.363179,37.105,11201781
1193,FB,19:39:25.363179,146.56,12394959
1194,AAPL,19:39:25.363179,143.7799,8727525
1195,IBM,19:39:25.363179,160.1,1889709
1196,MSFT,19:39:25.363179,67.665,5234474
1197,TWTR,19:39:25.363179,16.49,25847151
1198,HPQ,19:39:25.363179,18.805,2021683
1199,GOOGL,19:39:25.363179,889.78,686440
1200,AMZN,19:39:25.363179,919.7893,901137
1201,YHOO,19:40:26.944555,48.2,5568096
1202,INTC,19:40:26.944555,37.105,11201781
1203,FB,19:40:26.944555,147.0255,4437023
1204,AAPL,19:40:26.944555,143.7,6877803
1205,IBM,19:40:26.944555,159.92,1500000
1206,MSFT,19:40:26.944555,67.775,737308
1207,TWTR,19:40:26.944555,16.5684,31202125
1208,HPQ,19:40:26.944555,18.78,4602102
1209,GOOGL,19:40:26.944555,889.78,686440
1210,AMZN,19:40:26.944555,919.7893,901137
1211,YHOO,19:41:28.644515,48.26,4053137
1212,INTC,19:41:28.644515,37.1,9555076
1213,FB,19:41:28.644515,147.26,163107
1214,AAPL,19:41:28.644515,143.77,7035709
1215,IBM,19:41:28.644515,159.92,1500000
1216,MSFT,19:41:28.644515,67.775,737308
1217,TWTR,19:41:28.644515,15.82,79309104
1218,HPQ,19:41:28.644515,18.755,5074327
1219,GOOGL,19:41:28.644515,889.73,557002
1220,AMZN,19:41:28.644515,909.29,2608948
1221,YHOO,19:42:30.452382,48.2,5568096
1222,INTC,19:42:30.452382,37.105,11201781
1223,FB,19:42:30.452382,147.34,6444165
1224,AAPL,19:42:30.452382,143.7799,8727525
1225,IBM,19:42:30.452382,160.1,1889709
1226,MSFT,19:42:30.452382,67.995,10611289
1227,TWTR,19:42:30.452382,16.5,28705079
1228,HPQ,19:42:30.452382,18.78,4602102
1229,GOOGL,19:42:30.452382,889.73,557002
1230,AMZN,19:42:30.452382,920.6,67782
1231,YHOO,19:43:32.130761,48.25,5215728
1232,INTC,19:43:32.130761,37.12,556320
1233,FB,19:43:32.130761,147.29,6104138
1234,AAPL,19:43:32.130761,143.7,6877803
1235,IBM,19:43:32.130761,160.21,1711691
1236,MSFT,19:43:32.130761,67.665,5234474
1237,TWTR,19:43:32.130761,16.49,25847151
1238,HPQ,19:43:32.130761,18.755,3388119
1239,GOOGL,19:43:32.130761,890.46,1214833
1240,AMZN,19:43:32.130761,920.6,67782
1241,YHOO,19:44:34.168249,48.25,5215728
1242,INTC,19:44:34.168249,37.09,13675673
1243,FB,19:44:34.168249,147.34,6444165
1244,AAPL,19:44:34.168249,143.7,6877803
1245,IBM,19:44:34.168249,160.1,1889709
1246,MSFT,19:44:34.168249,67.775,737308
1247,TWTR,19:44:34.168249,16.5,28705079
1248,HPQ,19:44:34.168249,18.78,4602102
1249,GOOGL,19:44:34.168249,890.46,1214833
1250,AMZN,19:44:34.168249,920.1925,61945
1251,YHOO,19:45:35.781636,48.235,6700025
1252,INTC,19:45:35.781636,37.09,13675673
1253,FB,19:45:35.781636,147.0255,4437023
1254,AAPL,19:45:35.781636,143.7799,8727525
1255,IBM,19:45:35.781636,160.21,1711691
1256,MSFT,19:45:35.781636,67.995,10611289
1257,TWTR,19:45:35.781636,16.5684,31202125
1258,HPQ,19:45:35.781636,18.805,2021683
1259,GOOGL,19:45:35.781636,888.9551,805557
1260,AMZN,19:45:35.781636,920.0,910846
1261,YHOO,19:46:37.788675,48.235,6700025
1262,INTC,19:46:37.788675,37.105,11201781
1263,FB,19:46:37.788675,146.56,12394959
1264,AAPL,19:46:37.788675,143.7799,8727525
1265,IBM,19:46:37.788675,160.09,2056479
1266,MSFT,19:46:37.788675,67.665,5234474
1267,TWTR,19:46:37.788675,16.49,25847151
1268,HPQ,19:46:37.788675,18.7202,5309575
1269,GOOGL,19:46:37.788675,892.39,1413105
1270,AMZN,19:46:37.788675,920.0,910846
1271,YHOO,19:47:40.043186,48.2,5568096
1272,INTC,19:47:40.043186,37.1,9555076
1273,FB,19:47:40.043186,147.0255,4437023
1274,AAPL,19:47:40.043186,143.77,7035709
1275,IBM,19:47:40.043186,160.16,2464703
1276,MSFT,19:47:40.043186,67.665,5234474
1277,TWTR,19:47:40.043186,16.5,28705079
1278,HPQ,19:47:40.043186,18.755,5074327
1279,GOOGL,19:47:40.043186,892.39,1413105
1280,AMZN,19:47:40.043186,919.7893,901137
1281,YHOO,19:48:41.879200,48.2,5568096
1282,INTC,19:48:41.879200,37.1,9555076
1283,FB,19:48:41.879200,147.26,163107
1284,AAPL,19:48:41.879200,143.7799,8727525
1285,IBM,19:48:41.879200,160.1,1889709
1286,MSFT,19:48:41.879200,67.665,5234474
1287,TWTR,19:48:41.879200,16.5,28705079
1288,HPQ,19:48:41.879200,18.755,5074327
1289,GOOGL,19:48:41.879200,892.39,1413105
1290,AMZN,19:48:41.879200,919.7893,901137
1291,YHOO,19:49:43.604104,48.25,5215728
1292,INTC,19:49:43.604104,37.09,13675673
1293,FB,19:49:43.604104,147.0255,4437023
1294,AAPL,19:49:43.604104,143.77,7035709
1295,IBM,19:49:43.604104,160.16,2464703
1296,MSFT,19:49:43.604104,67.995,10611289
1297,TWTR,19:49:43.604104,16.5,28705079
1298,HPQ,19:49:43.604104,18.805,2021683
1299,GOOGL,19:49:43.604104,892.39,1413105
1300,AMZN,19:49:43.604104,920.0,910846
1301,YHOO,19:50:51.016709,48.2,5568096
1302,INTC,19:50:51.016709,37.12,556320
1303,FB,19:50:51.016709,147.26,163107
1304,AAPL,19:50:51.016709,143.77,7035709
1305,IBM,19:50:51.016709,160.16,2464703
1306,MSFT,19:50:51.016709,67.995,10611289
1307,TWTR,19:50:51.016709,16.49,25847151
1308,HPQ,19:50:51.016709,18.755,5074327
1309,GOOGL,19:50:51.016709,888.9551,805557
1310,AMZN,19:50:51.016709,920.6,67782
1311,YHOO,19:51:52.644257,48.25,5215728
1312,INTC,19:51:52.644257,37.09,13675673
1313,FB,19:51:52.644257,147.29,6104138
1314,AAPL,19:51:52.644257,143.7799,8727525
1315,IBM,19:51:52.644257,159.92,1500000
1316,MSFT,19:51:52.644257,67.665,5234474
1317,TWTR,19:51:52.644257,15.82,79309104
1318,HPQ,19:51:52.644257,18.715,5452319
1319,GOOGL,19:51:52.644257,890.46,1214833
1320,AMZN,19:51:52.644257,920.6,67782
1321,YHOO,19:52:54.393748,48.235,6700025
1322,INTC,19:52:54.393748,37.105,11201781
1323,FB,19:52:54.393748,147.34,6444165
1324,AAPL,19:52:54.393748,143.7,6877803
1325,IBM,19:52:54.393748,160.16,2464703
1326,MSFT,19:52:54.393748,67.775,737308
1327,TWTR,19:52:54.393748,16.5,28705079
1328,HPQ,19:52:54.393748,18.63,7950652
1329,GOOGL,19:52:54.393748,888.9551,805557
1330,AMZN,19:52:54.393748,920.1925,61945
1331,YHOO,19:53:59.702446,48.235,6700025
1332,INTC,19:53:59.702446,37.175,6290488
1333,FB,19:53:59.702446,147.26,163107
1334,AAPL,19:53:59.702446,143.7799,8727525
1335,IBM,19:53:59.702446,160.21,1711691
1336,MSFT,19:53:59.702446,67.665,5234474
1337,TWTR,19:53:59.702446,16.5,28705079
1338,HPQ,19:53:59.702446,18.755,3388119
1339,GOOGL,19:53:59.702446,890.46,1214833
1340,AMZN,19:53:59.702446,920.6,67782
1341,YHOO,19:55:01.391110,48.2,5568096
1342,INTC,19:55:01.391110,37.09,13675673
1343,FB,19:55:01.391110,147.34,6444165
1344,AAPL,19:55:01.391110,143.7,6877803
1345,IBM,19:55:01.391110,160.21,1711691
1346,MSFT,19:55:01.391110,67.775,737308
1347,TWTR,19:55:01.391110,16.49,25847151
1348,HPQ,19:55:01.391110,18.78,4602102
1349,GOOGL,19:55:01.391110,888.9551,805557
1350,AMZN,19:55:01.391110,919.7893,901137
1351,YHOO,19:56:03.302588,48.2,5568096
1352,INTC,19:56:03.302588,37.09,13675673
1353,FB,19:56:03.302588,147.0255,4437023
1354,AAPL,19:56:03.302588,143.7799,8727525
1355,IBM,19:56:03.302588,160.1,1889709
1356,MSFT,19:56:03.302588,67.665,5234474
1357,TWTR,19:56:03.302588,16.5684,31202125
1358,HPQ,19:56:03.302588,18.78,4602102
1359,GOOGL,19:56:03.302588,888.9551,805557
1360,AMZN,19:56:03.302588,920.0,910846
1361,YHOO,19:57:04.863781,48.235,6700025
1362,INTC,19:57:04.863781,37.09,13675673
1363,FB,19:57:04.863781,147.26,163107
1364,AAPL,19:57:04.863781,143.7799,8727525
1365,IBM,19:57:04.863781,160.21,1711691
1366,MSFT,19:57:04.863781,67.775,737308
1367,TWTR,19:57:04.863781,16.555,28103988
1368,HPQ,19:57:04.863781,18.755,3388119
1369,GOOGL,19:57:04.863781,890.46,1214833
1370,AMZN,19:57:04.863781,920.6,67782
1371,YHOO,19:58:06.611505,48.28,7060426
1372,INTC,19:58:06.611505,37.09,13675673
1373,FB,19:58:06.611505,147.29,6104138
1374,AAPL,19:58:06.611505,143.795,8701194
1375,IBM,19:58:06.611505,160.1,1889709
1376,MSFT,19:58:06.611505,67.995,10611289
1377,TWTR,19:58:06.611505,16.5684,31202125
1378,HPQ,19:58:06.611505,18.78,4602102
1379,GOOGL,19:58:06.611505,889.78,686440
1380,AMZN,19:58:06.611505,920.6,67782
1381,YHOO,19:59:08.243414,48.235,6700025
1382,INTC,19:59:08.243414,37.09,13675673
1383,FB,19:59:08.243414,147.29,6104138
1384,AAPL,19:59:08.243414,143.68,20041241
1385,IBM,19:59:08.243414,160.18,2580906
1386,MSFT,19:59:08.243414,67.925,12690417
1387,TWTR,19:59:08.243414,16.5684,31202125
1388,HPQ,19:59:08.243414,18.755,5074327
1389,GOOGL,19:59:08.243414,890.46,1214833
1390,AMZN,19:59:08.243414,920.0,910846
1391,YHOO,20:00:09.944594,48.235,6700025
1392,INTC,20:00:09.944594,37.12,556320
1393,FB,20:00:09.944594,147.29,6104138
1394,AAPL,20:00:09.944594,143.795,8701194
1395,IBM,20:00:09.944594,160.18,2580906
1396,MSFT,20:00:09.944594,67.995,10611289
1397,TWTR,20:00:09.944594,16.49,25847151
1398,HPQ,20:00:09.944594,18.755,3388119
1399,GOOGL,20:00:09.944594,888.9551,805557
1400,AMZN,20:00:09.944594,920.0,910846
1401,YHOO,20:01:11.827682,48.25,5215728
1402,INTC,20:01:11.827682,36.93,27240993
1403,FB,20:01:11.827682,147.26,163107
1404,AAPL,20:01:11.827682,143.7,6877803
1405,IBM,20:01:11.827682,160.16,2464703
1406,MSFT,20:01:11.827682,67.83,26190770
1407,TWTR,20:01:11.827682,16.5684,31202125
1408,HPQ,20:01:11.827682,18.755,5074327
1409,GOOGL,20:01:11.827682,890.46,1214833
1410,AMZN,20:01:11.827682,920.1925,61945
1411,YHOO,20:02:29.995775,48.2,5568096
1412,INTC,20:02:29.995775,36.93,27240993
1413,FB,20:02:29.995775,147.26,163107
1414,AAPL,20:02:29.995775,143.7,6877803
1415,IBM,20:02:29.995775,160.18,2580906
1416,MSFT,20:02:29.995775,68.225,1818421
1417,TWTR,20:02:29.995775,16.49,25847151
1418,HPQ,20:02:29.995775,18.755,3388119
1419,GOOGL,20:02:29.995775,888.9551,805557
1420,AMZN,20:02:29.995775,920.0,910846
1421,YHOO,20:03:31.664188,48.28,7060426
1422,INTC,20:03:31.664188,37.175,6290488
1423,FB,20:03:31.664188,147.0255,4437023
1424,AAPL,20:03:31.664188,143.7799,8727525
1425,IBM,20:03:31.664188,160.1,1889709
1426,MSFT,20:03:31.664188,67.665,5234474
1427,TWTR,20:03:31.664188,15.82,79309104
1428,HPQ,20:03:31.664188,18.755,5074327
1429,GOOGL,20:03:31.664188,889.78,686440
1430,AMZN,20:03:31.664188,920.1925,61945
1431,YHOO,20:04:33.363608,48.235,6700025
1432,INTC,20:04:33.363608,37.175,6290488
1433,FB,20:04:33.363608,147.26,163107
1434,AAPL,20:04:33.363608,143.77,7035709
1435,IBM,20:04:33.363608,160.18,2580906
1436,MSFT,20:04:33.363608,67.665,5234474
1437,TWTR,20:04:33.363608,16.555,28103988
1438,HPQ,20:04:33.363608,18.78,4602102
1439,GOOGL,20:04:33.363608,889.78,686440
1440,AMZN,20:04:33.363608,920.6,67782
1441,YHOO,20:05:35.180222,48.235,6700025
1442,INTC,20:05:35.180222,37.105,11201781
1443,FB,20:05:35.180222,147.0255,4437023
1444,AAPL,20:05:35.180222,143.795,8701194
1445,IBM,20:05:35.180222,160.1,1889709
1446,MSFT,20:05:35.180222,67.925,12690417
1447,TWTR,20:05:35.180222,16.5684,31202125
1448,HPQ,20:05:35.180222,18.78,4602102
1449,GOOGL,20:05:35.180222,890.46,1214833
1450,AMZN,20:05:35.180222,920.6,67782
1451,YHOO,20:06:36.971576,48.2,5568096
1452,INTC,20:06:36.971576,37.105,11201781
1453,FB,20:06:36.971576,147.26,163107
1454,AAPL,20:06:36.971576,143.795,8701194
1455,IBM,20:06:36.971576,160.21,1711691
1456,MSFT,20:06:36.971576,67.925,12690417
1457,TWTR,20:06:36.971576,16.49,25847151
1458,HPQ,20:06:36.971576,18.755,5074327
1459,GOOGL,20:06:36.971576,890.46,1214833
1460,AMZN,20:06:36.971576,920.6,67782
1461,YHOO,20:07:38.584145,48.25,5215728
1462,INTC,20:07:38.584145,37.09,13675673
1463,FB,20:07:38.584145,147.26,163107
1464,AAPL,20:07:38.584145,143.7799,8727525
1465,IBM,20:07:38.584145,160.21,1711691
1466,MSFT,20:07:38.584145,68.225,1818421
1467,TWTR,20:07:38.584145,16.49,25847151
1468,HPQ,20:07:38.584145,18.78,4602102
1469,GOOGL,20:07:38.584145,888.9551,805557
1470,AMZN,20:07:38.584145,919.7893,901137
1471,YHOO,20:08:40.199259,48.235,6700025
1472,INTC,20:08:40.199259,36.93,27240993
1473,FB,20:08:40.199259,147.34,6444165
1474,AAPL,20:08:40.199259,143.795,8701194
1475,IBM,20:08:40.199259,160.18,2580906
1476,MSFT,20:08:40.199259,67.925,12690417
1477,TWTR,20:08:40.199259,16.49,25847151
1478,HPQ,20:08:40.199259,18.63,7950652
1479,GOOGL,20:08:40.199259,892.39,1413105
1480,AMZN,20:08:40.199259,920.6,67782
1481,YHOO,20:09:42.225963,48.235,6700025
1482,INTC,20:09:42.225963,37.12,556320
1483,FB,20:09:42.225963,147.34,6444165
1484,AAPL,20:09:42.225963,143.68,20041241
1485,IBM,20:09:42.225963,160.16,2464703
1486,MSFT,20:09:42.225963,67.995,10611289
1487,TWTR,20:09:42.225963,16.5684,31202125
1488,HPQ,20:09:42.225963,18.805,2021683
1489,GOOGL,20:09:42.225963,892.39,1413105
1490,AMZN,20:09:42.225963,919.7893,901137
1491,YHOO,20:10:43.840467,48.2,5568096
1492,INTC,20:10:43.840467,37.09,13675673
1493,FB,20:10:43.840467,147.34,6444165
1494,AAPL,20:10:43.840467,143.7,6877803
1495,IBM,20:10:43.840467,160.21,1711691
1496,MSFT,20:10:43.840467,68.225,1818421
1497,TWTR,20:10:43.840467,16.555,28103988
1498,HPQ,20:10:43.840467,18.755,3388119
1499,GOOGL,20:10:43.840467,889.78,686440
1500,AMZN,20:10:43.840467,919.7893,901137
1501,YHOO,20:11:45.585744,48.235,6700025
1502,INTC,20:11:45.585744,37.12,556320
1503,FB,20:11:45.585744,147.29,6104138
1504,AAPL,20:11:45.585744,143.77,7035709
1505,IBM,20:11:45.585744,160.21,1711691
1506,MSFT,20:11:45.585744,67.665,5234474
1507,TWTR,20:11:45.585744,16.555,28103988
1508,HPQ,20:11:45.585744,18.805,2021683
1509,GOOGL,20:11:45.585744,892.39,1413105
1510,AMZN,20:11:45.585744,920.6,67782
1511,YHOO,20:12:47.439236,48.28,7060426
1512,INTC,20:12:47.439236,37.12,556320
1513,FB,20:12:47.439236,147.0255,4437023
1514,AAPL,20:12:47.439236,143.795,8701194
1515,IBM,20:12:47.439236,160.21,1711691
1516,MSFT,20:12:47.439236,67.995,10611289
1517,TWTR,20:12:47.439236,16.5,28705079
1518,HPQ,20:12:47.439236,18.755,3388119
1519,GOOGL,20:12:47.439236,892.39,1413105
1520,AMZN,20:12:47.439236,920.1925,61945
1521,YHOO,20:14:37.689958,48.28,7060426
1522,INTC,20:14:37.689958,37.105,11201781
1523,FB,20:14:37.689958,147.0255,4437023
1524,AAPL,20:14:37.689958,143.795,8701194
1525,IBM,20:14:37.689958,160.18,2580906
1526,MSFT,20:14:37.689958,68.225,1818421
1527,TWTR,20:14:37.689958,16.555,28103988
1528,HPQ,20:14:37.689958,18.755,5074327
1529,GOOGL,20:14:37.689958,889.78,686440
1530,AMZN,20:14:37.689958,919.7893,901137
1531,YHOO,20:15:39.336447,48.2,5568096
1532,INTC,20:15:39.336447,37.12,556320
1533,FB,20:15:39.336447,147.0255,4437023
1534,AAPL,20:15:39.336447,143.795,8701194
1535,IBM,20:15:39.336447,160.21,1711691
1536,MSFT,20:15:39.336447,67.925,12690417
1537,TWTR,20:15:39.336447,16.5,28705079
1538,HPQ,20:15:39.336447,18.755,5074327
1539,GOOGL,20:15:39.336447,888.9551,805557
1540,AMZN,20:15:39.336447,920.1925,61945
1541,YHOO,20:16:40.948419,48.28,7060426
1542,INTC,20:16:40.948419,37.105,11201781
1543,FB,20:16:40.948419,147.26,163107
1544,AAPL,20:16:40.948419,143.795,8701194
1545,IBM,20:16:40.948419,160.16,2464703
1546,MSFT,20:16:40.948419,67.995,10611289
1547,TWTR,20:16:40.948419,16.49,25847151
1548,HPQ,20:16:40.948419,18.805,2021683
1549,GOOGL,20:16:40.948419,888.9551,805557
1550,AMZN,20:16:40.948419,920.1925,61945
1551,YHOO,20:17:42.607718,48.28,7060426
1552,INTC,20:17:42.607718,37.12,556320
1553,FB,20:17:42.607718,147.0255,4437023
1554,AAPL,20:17:42.607718,143.77,7035709
1555,IBM,20:17:42.607718,160.21,1711691
1556,MSFT,20:17:42.607718,67.665,5234474
1557,TWTR,20:17:42.607718,16.555,28103988
1558,HPQ,20:17:42.607718,18.805,2021683
1559,GOOGL,20:17:42.607718,892.39,1413105
1560,AMZN,20:17:42.607718,919.7893,901137
1561,YHOO,20:18:44.937581,48.25,5215728
1562,INTC,20:18:44.937581,37.09,13675673
1563,FB,20:18:44.937581,147.26,163107
1564,AAPL,20:18:44.937581,143.795,8701194
1565,IBM,20:18:44.937581,160.21,1711691
1566,MSFT,20:18:44.937581,68.225,1818421
1567,TWTR,20:18:44.937581,16.5684,31202125
1568,HPQ,20:18:44.937581,18.755,5074327
1569,GOOGL,20:18:44.937581,892.39,1413105
1570,AMZN,20:18:44.937581,920.0,910846
1571,YHOO,20:19:46.581780,48.2,5568096
1572,INTC,20:19:46.581780,37.12,556320
1573,FB,20:19:46.581780,147.29,6104138
1574,AAPL,20:19:46.581780,143.7799,8727525
1575,IBM,20:19:46.581780,160.16,2464703
1576,MSFT,20:19:46.581780,68.225,1818421
1577,TWTR,20:19:46.581780,16.5684,31202125
1578,HPQ,20:19:46.581780,18.755,5074327
1579,GOOGL,20:19:46.581780,889.78,686440
1580,AMZN,20:19:46.581780,920.1925,61945
1581,YHOO,20:20:48.872824,48.28,7060426
1582,INTC,20:20:48.872824,37.175,6290488
1583,FB,20:20:48.872824,147.26,163107
1584,AAPL,20:20:48.872824,143.795,8701194
1585,IBM,20:20:48.872824,160.16,2464703
1586,MSFT,20:20:48.872824,67.925,12690417
1587,TWTR,20:20:48.872824,16.5,28705079
1588,HPQ,20:20:48.872824,18.755,3388119
1589,GOOGL,20:20:48.872824,888.9551,805557
1590,AMZN,20:20:48.872824,919.7893,901137
1591,YHOO,20:21:50.459628,48.2,5568096
1592,INTC,20:21:50.459628,37.12,556320
1593,FB,20:21:50.459628,147.29,6104138
1594,AAPL,20:21:50.459628,143.7799,8727525
1595,IBM,20:21:50.459628,160.16,2464703
1596,MSFT,20:21:50.459628,67.665,5234474
1597,TWTR,20:21:50.459628,16.5684,31202125
1598,HPQ,20:21:50.459628,18.805,2021683
1599,GOOGL,20:21:50.459628,892.39,1413105
1600,AMZN,20:21:50.459628,920.0,910846
1601,YHOO,20:22:52.076471,48.235,6700025
1602,INTC,20:22:52.076471,37.09,13675673
1603,FB,20:22:52.076471,147.26,163107
1604,AAPL,20:22:52.076471,143.795,8701194
1605,IBM,20:22:52.076471,160.21,1711691
1606,MSFT,20:22:52.076471,67.995,10611289
1607,TWTR,20:22:52.076471,16.5684,31202125
1608,HPQ,20:22:52.076471,18.755,5074327
1609,GOOGL,20:22:52.076471,888.9551,805557
1610,AMZN,20:22:52.076471,920.1925,61945
1611,YHOO,20:23:53.695982,48.28,7060426
1612,INTC,20:23:53.695982,37.105,11201781
1613,FB,20:23:53.695982,147.26,163107
1614,AAPL,20:23:53.695982,143.7799,8727525
1615,IBM,20:23:53.695982,160.16,2464703
1616,MSFT,20:23:53.695982,68.225,1818421
1617,TWTR,20:23:53.695982,16.5684,31202125
1618,HPQ,20:23:53.695982,18.755,5074327
1619,GOOGL,20:23:53.695982,890.46,1214833
1620,AMZN,20:23:53.695982,920.6,67782
1621,YHOO,20:24:55.325712,48.235,6700025
1622,INTC,20:24:55.325712,37.09,13675673
1623,FB,20:24:55.325712,147.26,163107
1624,AAPL,20:24:55.325712,143.795,8701194
1625,IBM,20:24:55.325712,160.21,1711691
1626,MSFT,20:24:55.325712,67.925,12690417
1627,TWTR,20:24:55.325712,16.49,25847151
1628,HPQ,20:24:55.325712,18.77,10215295
1629,GOOGL,20:24:55.325712,890.46,1214833
1630,AMZN,20:24:55.325712,920.0,910846
1631,YHOO,20:25:57.012874,48.235,6700025
1632,INTC,20:25:57.012874,37.105,11201781
1633,FB,20:25:57.012874,147.34,6444165
1634,AAPL,20:25:57.012874,143.795,8701194
1635,IBM,20:25:57.012874,160.21,1711691
1636,MSFT,20:25:57.012874,67.995,10611289
1637,TWTR,20:25:57.012874,16.5,28705079
1638,HPQ,20:25:57.012874,18.77,10215295
1639,GOOGL,20:25:57.012874,889.78,686440
1640,AMZN,20:25:57.012874,919.7893,901137
1641,YHOO,20:26:58.798440,48.2,5568096
1642,INTC,20:26:58.798440,37.09,13675673
1643,FB,20:26:58.798440,147.34,6444165
1644,AAPL,20:26:58.798440,143.77,7035709
1645,IBM,20:26:58.798440,160.18,2580906
1646,MSFT,20:26:58.798440,67.665,5234474
1647,TWTR,20:26:58.798440,16.5684,31202125
1648,HPQ,20:26:58.798440,18.78,4602102
1649,GOOGL,20:26:58.798440,888.9551,805557
1650,AMZN,20:26:58.798440,920.0,910846
1651,YHOO,20:28:00.464266,48.235,6700025
1652,INTC,20:28:00.464266,37.09,13675673
1653,FB,20:28:00.464266,147.26,163107
1654,AAPL,20:28:00.464266,143.77,7035709
1655,IBM,20:28:00.464266,160.1,1889709
1656,MSFT,20:28:00.464266,67.925,12690417
1657,TWTR,20:28:00.464266,16.555,28103988
1658,HPQ,20:28:00.464266,18.755,3388119
1659,GOOGL,20:28:00.464266,888.9551,805557
1660,AMZN,20:28:00.464266,919.7893,901137
1661,YHOO,20:29:02.791227,48.28,7060426
1662,INTC,20:29:02.791227,37.09,13675673
1663,FB,20:29:02.791227,147.29,6104138
1664,AAPL,20:29:02.791227,143.795,8701194
1665,IBM,20:29:02.791227,160.16,2464703
1666,MSFT,20:29:02.791227,67.995,10611289
1667,TWTR,20:29:02.791227,16.5,28705079
1668,HPQ,20:29:02.791227,18.755,5074327
1669,GOOGL,20:29:02.791227,892.39,1413105
1670,AMZN,20:29:02.791227,919.7893,901137
1671,YHOO,20:30:04.346419,48.235,6700025
1672,INTC,20:30:04.346419,37.12,556320
1673,FB,20:30:04.346419,147.29,6104138
1674,AAPL,20:30:04.346419,143.77,7035709
1675,IBM,20:30:04.346419,160.16,2464703
1676,MSFT,20:30:04.346419,67.665,5234474
1677,TWTR,20:30:04.346419,16.555,28103988
1678,HPQ,20:30:04.346419,18.755,5074327
1679,GOOGL,20:30:04.346419,892.39,1413105
1680,AMZN,20:30:04.346419,920.1925,61945
1681,YHOO,20:31:06.089947,48.25,5215728
1682,INTC,20:31:06.089947,37.105,11201781
1683,FB,20:31:06.089947,147.7,4110513
1684,AAPL,20:31:06.089947,143.7799,8727525
1685,IBM,20:31:06.089947,160.21,1711691
1686,MSFT,20:31:06.089947,67.665,5234474
1687,TWTR,20:31:06.089947,16.555,28103988
1688,HPQ,20:31:06.089947,18.755,5074327
1689,GOOGL,20:31:06.089947,892.39,1413105
1690,AMZN,20:31:06.089947,920.1925,61945
1691,YHOO,20:32:07.989197,48.25,5215728
1692,INTC,20:32:07.989197,37.09,13675673
1693,FB,20:32:07.989197,147.34,6444165
1694,AAPL,20:32:07.989197,143.7799,8727525
1695,IBM,20:32:07.989197,160.16,2464703
1696,MSFT,20:32:07.989197,68.225,1818421
1697,TWTR,20:32:07.989197,16.49,25847151
1698,HPQ,20:32:07.989197,18.77,10215295
1699,GOOGL,20:32:07.989197,892.39,1413105
1700,AMZN,20:32:07.989197,919.7893,901137
1701,YHOO,20:33:09.824084,48.28,7060426
1702,INTC,20:33:09.824084,37.12,556320
1703,FB,20:33:09.824084,147.26,163107
1704,AAPL,20:33:09.824084,143.795,8701194
1705,IBM,20:33:09.824084,160.06,4328001
1706,MSFT,20:33:09.824084,67.995,10611289
1707,TWTR,20:33:09.824084,16.5,28705079
1708,HPQ,20:33:09.824084,18.78,4602102
1709,GOOGL,20:33:09.824084,892.39,1413105
1710,AMZN,20:33:09.824084,920.6,67782
1711,YHOO,20:34:11.474439,48.25,5215728
1712,INTC,20:34:11.474439,37.105,11201781
1713,FB,20:34:11.474439,147.34,6444165
1714,AAPL,20:34:11.474439,143.7799,8727525
1715,IBM,20:34:11.474439,160.16,2464703
1716,MSFT,20:34:11.474439,67.925,12690417
1717,TWTR,20:34:11.474439,16.5,28705079
1718,HPQ,20:34:11.474439,18.77,10215295
1719,GOOGL,20:34:11.474439,890.46,1214833
1720,AMZN,20:34:11.474439,920.1925,61945
1721,YHOO,20:35:13.101805,48.25,5215728
1722,INTC,20:35:13.101805,37.105,11201781
1723,FB,20:35:13.101805,147.26,163107
1724,AAPL,20:35:13.101805,143.7799,8727525
1725,IBM,20:35:13.101805,160.1,1889709
1726,MSFT,20:35:13.101805,67.995,10611289
1727,TWTR,20:35:13.101805,16.555,28103988
1728,HPQ,20:35:13.101805,18.755,3388119
1729,GOOGL,20:35:13.101805,888.9551,805557
1730,AMZN,20:35:13.101805,920.0,910846
1731,YHOO,20:36:14.801775,48.2,5568096
1732,INTC,20:36:14.801775,37.105,11201781
1733,FB,20:36:14.801775,147.29,6104138
1734,AAPL,20:36:14.801775,143.77,7035709
1735,IBM,20:36:14.801775,160.1,1889709
1736,MSFT,20:36:14.801775,67.925,12690417
1737,TWTR,20:36:14.801775,16.5,28705079
1738,HPQ,20:36:14.801775,18.78,4602102
1739,GOOGL,20:36:14.801775,889.78,686440
1740,AMZN,20:36:14.801775,920.6,67782
1741,YHOO,20:37:16.417193,48.36,10619111
1742,INTC,20:37:16.417193,37.175,6290488
1743,FB,20:37:16.417193,147.29,6104138
1744,AAPL,20:37:16.417193,143.795,8701194
1745,IBM,20:37:16.417193,160.16,2464703
1746,MSFT,20:37:16.417193,67.925,12690417
1747,TWTR,20:37:16.417193,16.555,28103988
1748,HPQ,20:37:16.417193,18.755,3388119
1749,GOOGL,20:37:16.417193,888.9551,805557
1750,AMZN,20:37:16.417193,919.7893,901137
1751,YHOO,20:38:18.367960,48.36,10619111
1752,INTC,20:38:18.367960,37.12,556320
1753,FB,20:38:18.367960,147.34,6444165
1754,AAPL,20:38:18.367960,143.7799,8727525
1755,IBM,20:38:18.367960,160.1,1889709
1756,MSFT,20:38:18.367960,67.665,5234474
1757,TWTR,20:38:18.367960,16.555,28103988
1758,HPQ,20:38:18.367960,18.78,4602102
1759,GOOGL,20:38:18.367960,889.14,1323297
1760,AMZN,20:38:18.367960,919.7893,901137
1761,YHOO,20:39:20.015495,48.36,10619111
1762,INTC,20:39:20.015495,37.09,13675673
1763,FB,20:39:20.015495,147.7,4110513
1764,AAPL,20:39:20.015495,143.79,13994229
1765,IBM,20:39:20.015495,160.21,1711691
1766,MSFT,20:39:20.015495,67.665,5234474
1767,TWTR,20:39:20.015495,16.555,28103988
1768,HPQ,20:39:20.015495,18.755,3388119
1769,GOOGL,20:39:20.015495,890.46,1214833
1770,AMZN,20:39:20.015495,918.38,2653539
1771,YHOO,20:40:21.572978,48.36,10619111
1772,INTC,20:40:21.572978,37.105,11201781
1773,FB,20:40:21.572978,147.34,6444165
1774,AAPL,20:40:21.572978,143.795,8701194
1775,IBM,20:40:21.572978,160.21,1711691
1776,MSFT,20:40:21.572978,67.925,12690417
1777,TWTR,20:40:21.572978,16.555,28103988
1778,HPQ,20:40:21.572978,18.755,5074327
1779,GOOGL,20:40:21.572978,890.46,1214833
1780,AMZN,20:40:21.572978,920.6,67782
1781,YHOO,20:41:23.471328,48.36,10619111
1782,INTC,20:41:23.471328,37.12,556320
1783,FB,20:41:23.471328,147.29,6104138
1784,AAPL,20:41:23.471328,143.77,7035709
1785,IBM,20:41:23.471328,160.21,1711691
1786,MSFT,20:41:23.471328,67.925,12690417
1787,TWTR,20:41:23.471328,16.5,28705079
1788,HPQ,20:41:23.471328,18.755,5074327
1789,GOOGL,20:41:23.471328,890.46,1214833
1790,AMZN,20:41:23.471328,920.6,67782
1791,YHOO,20:42:25.199288,48.235,6700025
1792,INTC,20:42:25.199288,37.105,11201781
1793,FB,20:42:25.199288,146.56,12394959
1794,AAPL,20:42:25.199288,143.79,13994229
1795,IBM,20:42:25.199288,160.16,2464703
1796,MSFT,20:42:25.199288,67.925,12690417
1797,TWTR,20:42:25.199288,16.5,28705079
1798,HPQ,20:42:25.199288,18.63,7950652
1799,GOOGL,20:42:25.199288,890.46,1214833
1800,AMZN,20:42:25.199288,918.38,2653539
1801,YHOO,20:43:26.804483,48.2,5568096
1802,INTC,20:43:26.804483,37.12,556320
1803,FB,20:43:26.804483,147.29,6104138
1804,AAPL,20:43:26.804483,143.77,7035709
1805,IBM,20:43:26.804483,160.16,2464703
1806,MSFT,20:43:26.804483,67.995,10611289
1807,TWTR,20:43:26.804483,16.555,28103988
1808,HPQ,20:43:26.804483,18.78,4602102
1809,GOOGL,20:43:26.804483,888.9551,805557
1810,AMZN,20:43:26.804483,918.38,2653539
1811,YHOO,20:44:28.412277,48.36,10619111
1812,INTC,20:44:28.412277,37.09,13675673
1813,FB,20:44:28.412277,147.29,6104138
1814,AAPL,20:44:28.412277,143.7799,8727525
1815,IBM,20:44:28.412277,160.16,2464703
1816,MSFT,20:44:28.412277,67.83,26190770
1817,TWTR,20:44:28.412277,16.49,25847151
1818,HPQ,20:44:28.412277,18.77,10215295
1819,GOOGL,20:44:28.412277,891.44,2142286
1820,AMZN,20:44:28.412277,918.38,2653539
1821,YHOO,20:45:30.155921,48.28,7060426
1822,INTC,20:45:30.155921,37.175,6290488
1823,FB,20:45:30.155921,147.7,4110513
1824,AAPL,20:45:30.155921,143.77,7035709
1825,IBM,20:45:30.155921,160.21,1711691
1826,MSFT,20:45:30.155921,67.925,12690417
1827,TWTR,20:45:30.155921,16.5,28705079
1828,HPQ,20:45:30.155921,18.755,5074327
1829,GOOGL,20:45:30.155921,890.46,1214833
1830,AMZN,20:45:30.155921,920.6,67782
1831,YHOO,20:46:32.067954,48.28,7060426
1832,INTC,20:46:32.067954,37.43,1681843
1833,FB,20:46:32.067954,147.34,6444165
1834,AAPL,20:46:32.067954,143.79,13994229
1835,IBM,20:46:32.067954,160.21,1711691
1836,MSFT,20:46:32.067954,67.995,10611289
1837,TWTR,20:46:32.067954,16.5,28705079
1838,HPQ,20:46:32.067954,18.755,5074327
1839,GOOGL,20:46:32.067954,891.44,2142286
1840,AMZN,20:46:32.067954,920.0,910846
1841,YHOO,20:47:33.726082,48.28,7060426
1842,INTC,20:47:33.726082,37.43,1681843
1843,FB,20:47:33.726082,147.34,6444165
1844,AAPL,20:47:33.726082,143.79,13994229
1845,IBM,20:47:33.726082,160.21,1711691
1846,MSFT,20:47:33.726082,67.665,5234474
1847,TWTR,20:47:33.726082,16.5684,31202125
1848,HPQ,20:47:33.726082,18.78,4602102
1849,GOOGL,20:47:33.726082,891.44,2142286
1850,AMZN,20:47:33.726082,920.0,910846
1851,YHOO,20:48:35.378467,48.36,10619111
1852,INTC,20:48:35.378467,37.12,556320
1853,FB,20:48:35.378467,147.7,4110513
1854,AAPL,20:48:35.378467,143.7799,8727525
1855,IBM,20:48:35.378467,160.21,1711691
1856,MSFT,20:48:35.378467,67.995,10611289
1857,TWTR,20:48:35.378467,16.555,28103988
1858,HPQ,20:48:35.378467,18.755,3388119
1859,GOOGL,20:48:35.378467,888.9551,805557
1860,AMZN,20:48:35.378467,920.6,67782
1861,YHOO,20:49:36.980042,48.28,7060426
1862,INTC,20:49:36.980042,37.12,556320
1863,FB,20:49:36.980042,147.34,6444165
1864,AAPL,20:49:36.980042,143.7799,8727525
1865,IBM,20:49:36.980042,160.21,1711691
1866,MSFT,20:49:36.980042,67.925,12690417
1867,TWTR,20:49:36.980042,16.49,25847151
1868,HPQ,20:49:36.980042,18.755,5074327
1869,GOOGL,20:49:36.980042,892.39,1413105
1870,AMZN,20:49:36.980042,920.0,910846
1871,YHOO,20:50:38.651252,48.28,7060426
1872,INTC,20:50:38.651252,37.175,6290488
1873,FB,20:50:38.651252,147.26,163107
1874,AAPL,20:50:38.651252,143.77,7035709
1875,IBM,20:50:38.651252,160.18,2580906
1876,MSFT,20:50:38.651252,67.925,12690417
1877,TWTR,20:50:38.651252,16.5,28705079
1878,HPQ,20:50:38.651252,18.755,3388119
1879,GOOGL,20:50:38.651252,888.9551,805557
1880,AMZN,20:50:38.651252,920.6,67782
1881,YHOO,20:51:40.199232,48.36,10619111
1882,INTC,20:51:40.199232,37.175,6290488
1883,FB,20:51:40.199232,147.34,6444165
1884,AAPL,20:51:40.199232,143.77,7035709
1885,IBM,20:51:40.199232,160.21,1711691
1886,MSFT,20:51:40.199232,67.925,12690417
1887,TWTR,20:51:40.199232,16.5,28705079
1888,HPQ,20:51:40.199232,18.77,10215295
1889,GOOGL,20:51:40.199232,892.39,1413105
1890,AMZN,20:51:40.199232,920.6,67782
1891,YHOO,20:52:41.828294,48.28,7060426
1892,INTC,20:52:41.828294,37.12,556320
1893,FB,20:52:41.828294,147.29,6104138
1894,AAPL,20:52:41.828294,143.795,8701194
1895,IBM,20:52:41.828294,160.18,2580906
1896,MSFT,20:52:41.828294,67.925,12690417
1897,TWTR,20:52:41.828294,16.5684,31202125
1898,HPQ,20:52:41.828294,18.755,3388119
1899,GOOGL,20:52:41.828294,891.44,2142286
1900,AMZN,20:52:41.828294,920.6,67782
1901,YHOO,20:53:43.334600,48.235,6700025
1902,INTC,20:53:43.334600,37.175,6290488
1903,FB,20:53:43.334600,146.56,12394959
1904,AAPL,20:53:43.334600,143.79,13994229
1905,IBM,20:53:43.334600,160.16,2464703
1906,MSFT,20:53:43.334600,67.995,10611289
1907,TWTR,20:53:43.334600,16.555,28103988
1908,HPQ,20:53:43.334600,18.77,10215295
1909,GOOGL,20:53:43.334600,888.9551,805557
1910,AMZN,20:53:43.334600,918.38,2653539
1911,YHOO,20:54:45.590722,48.36,10619111
1912,INTC,20:54:45.590722,37.43,1681843
1913,FB,20:54:45.590722,147.29,6104138
1914,AAPL,20:54:45.590722,143.7799,8727525
1915,IBM,20:54:45.590722,160.1,1889709
1916,MSFT,20:54:45.590722,67.925,12690417
1917,TWTR,20:54:45.590722,16.5684,31202125
1918,HPQ,20:54:45.590722,18.78,4602102
1919,GOOGL,20:54:45.590722,888.9551,805557
1920,AMZN,20:54:45.590722,918.38,2653539
1921,YHOO,20:55:47.218202,48.235,6700025
1922,INTC,20:55:47.218202,37.09,13675673
1923,FB,20:55:47.218202,147.29,6104138
1924,AAPL,20:55:47.218202,143.77,7035709
1925,IBM,20:55:47.218202,160.1,1889709
1926,MSFT,20:55:47.218202,67.665,5234474
1927,TWTR,20:55:47.218202,16.49,25847151
1928,HPQ,20:55:47.218202,18.755,3388119
1929,GOOGL,20:55:47.218202,890.46,1214833
1930,AMZN,20:55:47.218202,920.6,67782
1931,YHOO,20:56:48.892557,48.2,5568096
1932,INTC,20:56:48.892557,37.09,13675673
1933,FB,20:56:48.892557,147.26,163107
1934,AAPL,20:56:48.892557,143.77,7035709
1935,IBM,20:56:48.892557,160.21,1711691
1936,MSFT,20:56:48.892557,68.225,1818421
1937,TWTR,20:56:48.892557,16.5684,31202125
1938,HPQ,20:56:48.892557,18.755,3388119
1939,GOOGL,20:56:48.892557,888.9551,805557
1940,AMZN,20:56:48.892557,919.7893,901137
1941,YHOO,20:57:50.503292,48.26,4053137
1942,INTC,20:57:50.503292,37.09,13675673
1943,FB,20:57:50.503292,147.26,163107
1944,AAPL,20:57:50.503292,143.77,7035709
1945,IBM,20:57:50.503292,160.1,1889709
1946,MSFT,20:57:50.503292,68.225,1818421
1947,TWTR,20:57:50.503292,16.5,28705079
1948,HPQ,20:57:50.503292,18.755,3388119
1949,GOOGL,20:57:50.503292,890.46,1214833
1950,AMZN,20:57:50.503292,918.38,2653539
1951,YHOO,20:58:52.199255,48.2,5568096
1952,INTC,20:58:52.199255,37.12,556320
1953,FB,20:58:52.199255,147.26,163107
1954,AAPL,20:58:52.199255,143.77,7035709
1955,IBM,20:58:52.199255,160.21,1711691
1956,MSFT,20:58:52.199255,68.225,1818421
1957,TWTR,20:58:52.199255,16.555,28103988
1958,HPQ,20:58:52.199255,18.77,10215295
1959,GOOGL,20:58:52.199255,891.44,2142286
1960,AMZN,20:58:52.199255,920.0,910846
1961,YHOO,20:59:53.886727,48.235,6700025
1962,INTC,20:59:53.886727,37.175,6290488
1963,FB,20:59:53.886727,147.34,6444165
1964,AAPL,20:59:53.886727,143.7799,8727525
1965,IBM,20:59:53.886727,160.1,1889709
1966,MSFT,20:59:53.886727,67.925,12690417
1967,TWTR,20:59:53.886727,16.5684,31202125
1968,HPQ,20:59:53.886727,18.77,10215295
1969,GOOGL,20:59:53.886727,890.46,1214833
1970,AMZN,20:59:53.886727,918.38,2653539
1971,YHOO,21:00:55.720299,48.235,6700025
1972,INTC,21:00:55.720299,37.43,1681843
1973,FB,21:00:55.720299,147.26,163107
1974,AAPL,21:00:55.720299,143.79,13994229
1975,IBM,21:00:55.720299,160.1,1889709
1976,MSFT,21:00:55.720299,67.995,10611289
1977,TWTR,21:00:55.720299,16.5684,31202125
1978,HPQ,21:00:55.720299,18.755,3388119
1979,GOOGL,21:00:55.720299,888.9551,805557
1980,AMZN,21:00:55.720299,919.7893,901137
1981,YHOO,21:01:57.279385,48.28,7060426
1982,INTC,21:01:57.279385,37.12,556320
1983,FB,21:01:57.279385,147.34,6444165
1984,AAPL,21:01:57.279385,143.77,7035709
1985,IBM,21:01:57.279385,160.21,1711691
1986,MSFT,21:01:57.279385,68.225,1818421
1987,TWTR,21:01:57.279385,16.49,25847151
1988,HPQ,21:01:57.279385,18.77,10215295
1989,GOOGL,21:01:57.279385,890.46,1214833
1990,AMZN,21:01:57.279385,920.6,67782
1991,YHOO,21:02:59.590085,48.2,5568096
1992,INTC,21:02:59.590085,37.09,13675673
1993,FB,21:02:59.590085,147.34,6444165
1994,AAPL,21:02:59.590085,143.795,8701194
1995,IBM,21:02:59.590085,160.16,2464703
1996,MSFT,21:02:59.590085,68.225,1818421
1997,TWTR,21:02:59.590085,16.555,28103988
1998,HPQ,21:02:59.590085,18.77,10215295
1999,GOOGL,21:02:59.590085,891.44,2142286
2000,AMZN,21:02:59.590085,920.6,67782
2001,YHOO,21:04:01.175578,48.2,5568096
2002,INTC,21:04:01.175578,37.09,13675673
2003,FB,21:04:01.175578,147.7,4110513
2004,AAPL,21:04:01.175578,143.79,13994229
2005,IBM,21:04:01.175578,160.21,1711691
2006,MSFT,21:04:01.175578,68.225,1818421
2007,TWTR,21:04:01.175578,16.555,28103988
2008,HPQ,21:04:01.175578,18.755,5074327
2009,GOOGL,21:04:01.175578,892.39,1413105
2010,AMZN,21:04:01.175578,919.7893,901137
2011,YHOO,21:05:02.770718,48.2,5568096
2012,INTC,21:05:02.770718,37.09,13675673
2013,FB,21:05:02.770718,147.29,6104138
2014,AAPL,21:05:02.770718,143.795,8701194
2015,IBM,21:05:02.770718,160.21,1711691
2016,MSFT,21:05:02.770718,68.27,33766948
2017,TWTR,21:05:02.770718,16.5684,31202125
2018,HPQ,21:05:02.770718,18.755,5074327
2019,GOOGL,21:05:02.770718,889.14,1323297
2020,AMZN,21:05:02.770718,918.38,2653539
2021,YHOO,21:06:08.647488,48.2,5568096
2022,INTC,21:06:08.647488,37.43,1681843
2023,FB,21:06:08.647488,147.26,163107
2024,AAPL,21:06:08.647488,143.77,7035709
2025,IBM,21:06:08.647488,160.1,1889709
2026,MSFT,21:06:08.647488,68.225,1818421
2027,TWTR,21:06:08.647488,16.5,28705079
2028,HPQ,21:06:08.647488,18.78,4602102
2029,GOOGL,21:06:08.647488,890.46,1214833
2030,AMZN,21:06:08.647488,918.38,2653539
2031,YHOO,21:07:10.465352,48.36,10619111
2032,INTC,21:07:10.465352,37.12,556320
2033,FB,21:07:10.465352,147.29,6104138
2034,AAPL,21:07:10.465352,143.79,13994229
2035,IBM,21:07:10.465352,160.21,1711691
2036,MSFT,21:07:10.465352,68.225,1818421
2037,TWTR,21:07:10.465352,16.5,28705079
2038,HPQ,21:07:10.465352,18.78,4602102
2039,GOOGL,21:07:10.465352,889.14,1323297
2040,AMZN,21:07:10.465352,919.7893,901137
2041,YHOO,21:08:11.975710,48.2,5568096
2042,INTC,21:08:11.975710,37.43,39276101
2043,FB,21:08:11.975710,147.7,4110513
2044,AAPL,21:08:11.975710,143.795,8701194
2045,IBM,21:08:11.975710,160.16,2464703
2046,MSFT,21:08:11.975710,67.925,12690417
2047,TWTR,21:08:11.975710,16.5684,31202125
2048,HPQ,21:08:11.975710,18.78,4602102
2049,GOOGL,21:08:11.975710,892.39,1413105
2050,AMZN,21:08:11.975710,919.7893,901137
2051,YHOO,21:09:13.589303,48.2,5568096
2052,INTC,21:09:13.589303,37.12,556320
2053,FB,21:09:13.589303,147.29,6104138
2054,AAPL,21:09:13.589303,143.7799,8727525
2055,IBM,21:09:13.589303,160.21,1711691
2056,MSFT,21:09:13.589303,68.225,1818421
2057,TWTR,21:09:13.589303,16.49,25847151
2058,HPQ,21:09:13.589303,18.755,3388119
2059,GOOGL,21:09:13.589303,891.44,2142286
2060,AMZN,21:09:13.589303,918.38,5134768
2061,YHOO,21:10:15.268728,48.36,10619111
2062,INTC,21:10:15.268728,37.43,1681843
2063,FB,21:10:15.268728,147.26,163107
2064,AAPL,21:10:15.268728,143.7799,8727525
2065,IBM,21:10:15.268728,160.21,1711691
2066,MSFT,21:10:15.268728,67.925,12690417
2067,TWTR,21:10:15.268728,16.5,28705079
2068,HPQ,21:10:15.268728,18.755,3388119
2069,GOOGL,21:10:15.268728,890.46,1214833
2070,AMZN,21:10:15.268728,918.38,5134768
2071,YHOO,21:11:16.849485,48.235,6700025
2072,INTC,21:11:16.849485,37.43,1681843
2073,FB,21:11:16.849485,147.29,6104138
2074,AAPL,21:11:16.849485,143.79,13994229
2075,IBM,21:11:16.849485,160.32,4122468
2076,MSFT,21:11:16.849485,67.995,10611289
2077,TWTR,21:11:16.849485,16.5,28705079
2078,HPQ,21:11:16.849485,18.755,5074327
2079,GOOGL,21:11:16.849485,892.39,1413105
2080,AMZN,21:11:16.849485,918.38,5134768
2081,YHOO,21:12:19.111473,48.2,5568096
2082,INTC,21:12:19.111473,37.43,39276101
2083,FB,21:12:19.111473,147.26,163107
2084,AAPL,21:12:19.111473,143.7799,8727525
2085,IBM,21:12:19.111473,160.16,2464703
2086,MSFT,21:12:19.111473,67.925,12690417
2087,TWTR,21:12:19.111473,16.5,28705079
2088,HPQ,21:12:19.111473,18.755,3388119
2089,GOOGL,21:12:19.111473,888.9551,805557
2090,AMZN,21:12:19.111473,918.38,5134768
2091,YHOO,21:13:20.796212,48.2,5568096
2092,INTC,21:13:20.796212,37.43,39276101
2093,FB,21:13:20.796212,147.34,6444165
2094,AAPL,21:13:20.796212,143.79,14173311
2095,IBM,21:13:20.796212,160.18,2580906
2096,MSFT,21:13:20.796212,67.925,12690417
2097,TWTR,21:13:20.796212,16.5,28705079
2098,HPQ,21:13:20.796212,18.78,4602102
2099,GOOGL,21:13:20.796212,888.9551,805557
2100,AMZN,21:13:20.796212,919.7893,901137
2101,YHOO,21:14:22.604864,48.36,10619111
2102,INTC,21:14:22.604864,37.175,6290488
2103,FB,21:14:22.604864,147.7,4110513
2104,AAPL,21:14:22.604864,143.795,8701194
2105,IBM,21:14:22.604864,160.16,2464703
2106,MSFT,21:14:22.604864,67.925,12690417
2107,TWTR,21:14:22.604864,16.5,28705079
2108,HPQ,21:14:22.604864,18.755,3388119
2109,GOOGL,21:14:22.604864,888.9551,805557
2110,AMZN,21:14:22.604864,920.0,910846
2111,YHOO,21:15:24.305815,48.36,10619111
2112,INTC,21:15:24.305815,37.175,6290488
2113,FB,21:15:24.305815,147.26,163107
2114,AAPL,21:15:24.305815,143.79,14173311
2115,IBM,21:15:24.305815,160.16,2464703
2116,MSFT,21:15:24.305815,67.995,10611289
2117,TWTR,21:15:24.305815,16.5684,31202125
2118,HPQ,21:15:24.305815,18.755,3388119
2119,GOOGL,21:15:24.305815,888.9551,805557
2120,AMZN,21:15:24.305815,920.0,910846
2121,YHOO,21:16:26.031102,48.2,5568096
2122,INTC,21:16:26.031102,37.43,39276101
2123,FB,21:16:26.031102,146.56,12394959
2124,AAPL,21:16:26.031102,143.7799,8727525
2125,IBM,21:16:26.031102,160.32,4122468
2126,MSFT,21:16:26.031102,67.995,10611289
2127,TWTR,21:16:26.031102,16.5684,31202125
2128,HPQ,21:16:26.031102,18.755,5074327
2129,GOOGL,21:16:26.031102,892.39,1413105
2130,AMZN,21:16:26.031102,919.7893,901137
2131,YHOO,21:17:27.682409,48.235,6700025
2132,INTC,21:17:27.682409,37.43,39276101
2133,FB,21:17:27.682409,147.29,6104138
2134,AAPL,21:17:27.682409,143.79,14173311
2135,IBM,21:17:27.682409,160.32,4122468
2136,MSFT,21:17:27.682409,68.225,1818421
2137,TWTR,21:17:27.682409,15.82,79309104
2138,HPQ,21:17:27.682409,18.78,4602102
2139,GOOGL,21:17:27.682409,888.9551,805557
2140,AMZN,21:17:27.682409,918.38,2653539
2141,YHOO,21:18:29.257338,48.235,6700025
2142,INTC,21:18:29.257338,37.175,6290488
2143,FB,21:18:29.257338,147.34,6444165
2144,AAPL,21:18:29.257338,143.7799,8727525
2145,IBM,21:18:29.257338,160.16,2464703
2146,MSFT,21:18:29.257338,67.995,10611289
2147,TWTR,21:18:29.257338,16.5684,31202125
2148,HPQ,21:18:29.257338,18.755,3388119
2149,GOOGL,21:18:29.257338,890.46,1214833
2150,AMZN,21:18:29.257338,920.0,910846
2151,YHOO,21:19:31.133125,48.235,6700025
2152,INTC,21:19:31.133125,37.175,6290488
2153,FB,21:19:31.133125,147.29,6104138
2154,AAPL,21:19:31.133125,143.795,8701194
2155,IBM,21:19:31.133125,160.32,4122468
2156,MSFT,21:19:31.133125,68.225,1818421
2157,TWTR,21:19:31.133125,16.61,41088263
2158,HPQ,21:19:31.133125,18.77,10215295
2159,GOOGL,21:19:31.133125,888.9551,805557
2160,AMZN,21:19:31.133125,919.7893,901137
2161,YHOO,21:20:32.700471,48.2,5568096
2162,INTC,21:20:32.700471,37.43,1681843
2163,FB,21:20:32.700471,147.7,4110513
2164,AAPL,21:20:32.700471,143.79,14173311
2165,IBM,21:20:32.700471,160.32,4122468
2166,MSFT,21:20:32.700471,67.995,10611289
2167,TWTR,21:20:32.700471,16.61,41088163
2168,HPQ,21:20:32.700471,18.78,4602102
2169,GOOGL,21:20:32.700471,890.46,1214833
2170,AMZN,21:20:32.700471,919.7893,901137
2171,YHOO,21:21:34.422724,48.36,10619111
2172,INTC,21:21:34.422724,37.43,39276101
2173,FB,21:21:34.422724,147.7,4110513
2174,AAPL,21:21:34.422724,143.79,14173311
2175,IBM,21:21:34.422724,160.16,2464703
2176,MSFT,21:21:34.422724,68.225,1818421
2177,TWTR,21:21:34.422724,16.61,41088163
2178,HPQ,21:21:34.422724,18.77,9193686
2179,GOOGL,21:21:34.422724,892.39,1413105
2180,AMZN,21:21:34.422724,918.38,5134768
2181,YHOO,21:22:36.152045,48.28,7060426
2182,INTC,21:22:36.152045,37.43,39276101
2183,FB,21:22:36.152045,147.26,163107
2184,AAPL,21:22:36.152045,143.795,8701194
2185,IBM,21:22:36.152045,160.18,2580906
2186,MSFT,21:22:36.152045,67.995,10611289
2187,TWTR,21:22:36.152045,16.5,28705079
2188,HPQ,21:22:36.152045,18.755,5074327
2189,GOOGL,21:22:36.152045,891.44,2142286
2190,AMZN,21:22:36.152045,919.7893,901137
2191,YHOO,21:23:40.336859,48.235,6700025
2192,INTC,21:23:40.336859,37.175,6290488
2193,FB,21:23:40.336859,147.34,6444165
2194,AAPL,21:23:40.336859,143.79,13994229
2195,IBM,21:23:40.336859,160.06,4328001
2196,MSFT,21:23:40.336859,67.925,12690417
2197,TWTR,21:23:40.336859,16.5,28705079
2198,HPQ,21:23:40.336859,18.77,9193686
2199,GOOGL,21:23:40.336859,892.39,1413105
2200,AMZN,21:23:40.336859,919.7893,901137
2201,YHOO,21:24:41.929098,48.28,7060426
2202,INTC,21:24:41.929098,37.175,6290488
2203,FB,21:24:41.929098,147.7,11063247
2204,AAPL,21:24:41.929098,143.79,13994229
2205,IBM,21:24:41.929098,160.32,4122468
2206,MSFT,21:24:41.929098,67.925,12690417
2207,TWTR,21:24:41.929098,16.5,28705079
2208,HPQ,21:24:41.929098,18.78,4602102
2209,GOOGL,21:24:41.929098,892.39,1413105
2210,AMZN,21:24:41.929098,918.38,5134768
2211,YHOO,21:25:43.581898,48.28,7060426
2212,INTC,21:25:43.581898,37.12,556320
2213,FB,21:25:43.581898,147.26,163107
2214,AAPL,21:25:43.581898,143.79,14173311
2215,IBM,21:25:43.581898,160.16,2464703
2216,MSFT,21:25:43.581898,68.225,1818421
2217,TWTR,21:25:43.581898,16.61,41088263
2218,HPQ,21:25:43.581898,18.78,4602102
2219,GOOGL,21:25:43.581898,891.44,2142286
2220,AMZN,21:25:43.581898,919.7893,901137
2221,YHOO,21:26:46.003902,48.235,6700025
2222,INTC,21:26:46.003902,37.175,6290488
2223,FB,21:26:46.003902,147.34,6444165
2224,AAPL,21:26:46.003902,143.7799,8727525
2225,IBM,21:26:46.003902,160.18,2580906
2226,MSFT,21:26:46.003902,67.995,10611289
2227,TWTR,21:26:46.003902,16.61,41088263
2228,HPQ,21:26:46.003902,18.77,9193686
2229,GOOGL,21:26:46.003902,888.9551,805557
2230,AMZN,21:26:46.003902,918.38,2653539
2231,YHOO,21:27:47.579684,48.28,7060426
2232,INTC,21:27:47.579684,37.43,39276101
2233,FB,21:27:47.579684,147.7,4110513
2234,AAPL,21:27:47.579684,143.795,8701194
2235,IBM,21:27:47.579684,160.18,2580906
2236,MSFT,21:27:47.579684,67.995,10611289
2237,TWTR,21:27:47.579684,16.61,41088263
2238,HPQ,21:27:47.579684,18.755,5074327
2239,GOOGL,21:27:47.579684,890.46,1214833
2240,AMZN,21:27:47.579684,920.0,910846
2241,YHOO,21:28:49.422228,48.36,10619111
2242,INTC,21:28:49.422228,37.12,556320
2243,FB,21:28:49.422228,147.26,163107
2244,AAPL,21:28:49.422228,143.79,14173311
2245,IBM,21:28:49.422228,160.32,4122468
2246,MSFT,21:28:49.422228,67.995,10611289
2247,TWTR,21:28:49.422228,16.5,28705079
2248,HPQ,21:28:49.422228,18.78,4602102
2249,GOOGL,21:28:49.422228,890.46,1214833
2250,AMZN,21:28:49.422228,920.0,910846
2251,YHOO,21:29:51.046502,48.235,6700025
2252,INTC,21:29:51.046502,37.43,1681843
2253,FB,21:29:51.046502,147.7,11063247
2254,AAPL,21:29:51.046502,143.7799,8727525
2255,IBM,21:29:51.046502,160.16,2464703
2256,MSFT,21:29:51.046502,68.225,1818421
2257,TWTR,21:29:51.046502,16.5684,31202125
2258,HPQ,21:29:51.046502,18.77,10215295
2259,GOOGL,21:29:51.046502,889.14,1323297
2260,AMZN,21:29:51.046502,918.38,5134768
2261,YHOO,21:30:52.700430,48.2,5568096
2262,INTC,21:30:52.700430,37.175,6290488
2263,FB,21:30:52.700430,147.7,11063247
2264,AAPL,21:30:52.700430,143.79,14173311
2265,IBM,21:30:52.700430,160.16,2464703
2266,MSFT,21:30:52.700430,68.27,33766948
2267,TWTR,21:30:52.700430,16.61,41088263
2268,HPQ,21:30:52.700430,18.77,10215295
2269,GOOGL,21:30:52.700430,892.39,1413105
2270,AMZN,21:30:52.700430,918.38,2653539
2271,YHOO,21:31:54.381508,48.28,7060426
2272,INTC,21:31:54.381508,37.43,1681843
2273,FB,21:31:54.381508,147.34,6444165
2274,AAPL,21:31:54.381508,143.795,8701194
2275,IBM,21:31:54.381508,160.16,2464703
2276,MSFT,21:31:54.381508,68.225,1818421
2277,TWTR,21:31:54.381508,16.61,41088263
2278,HPQ,21:31:54.381508,18.77,9193686
2279,GOOGL,21:31:54.381508,891.44,2142286
2280,AMZN,21:31:54.381508,920.0,910846
